회차,추첨일,1등_당첨자수,1등_게임당_당첨금액,당첨번호_1,당첨번호_2,당첨번호_3,당첨번호_4,당첨번호_5,당첨번호_6,보너스번호,당첨번호_합,당첨번호_평균,당첨번호_홀짝비율,자동_당첨자수,수동_당첨자수,반자동_당첨자수,1등_당첨판매점
1,2002년 12월 07일,0,0,10,23,29,33,37,40,16,172,28.67,4:2,0,0,0,
2,2002년 12월 14일,0,2002006800,9,13,21,25,32,42,2,142,23.67,4:2,0,0,0,
3,2002년 12월 21일,0,2000000000,11,16,19,21,27,31,30,125,20.83,5:1,0,0,0,
4,2002년 12월 28일,0,0,14,27,30,31,40,42,2,184,30.67,2:4,0,0,0,
5,2003년 01월 04일,0,0,16,24,29,40,41,42,3,192,32.0,2:4,0,0,0,
6,2003년 01월 11일,0,6574451700,14,15,26,27,40,42,34,164,27.33,2:4,0,0,0,
7,2003년 01월 18일,0,0,2,9,16,25,26,40,42,118,19.67,2:4,0,0,0,
8,2003년 01월 25일,0,0,8,19,25,34,37,39,9,162,27.0,4:2,0,0,0,
9,2003년 02월 01일,0,0,2,4,16,17,36,39,14,114,19.0,2:4,0,0,0,
10,2003년 02월 08일,0,83595692700,9,25,30,33,41,44,6,182,30.33,4:2,0,0,0,
11,2003년 02월 15일,0,23900761500,1,7,36,37,41,42,14,164,27.33,4:2,0,0,0,
12,2003년 02월 22일,0,16186148400,2,11,21,25,39,45,44,143,23.83,5:1,0,0,0,
13,2003년 03월 01일,0,0,22,23,25,37,38,42,26,187,31.17,3:3,0,0,0,
14,2003년 03월 08일,0,37500193200,2,6,12,31,33,40,15,124,20.67,2:4,0,0,0,
15,2003년 03월 15일,0,17014245000,3,4,16,30,31,37,13,121,20.17,3:3,0,0,0,
16,2003년 03월 22일,0,17508584400,6,7,24,37,38,40,33,152,25.33,2:4,0,0,0,
17,2003년 03월 29일,0,16048473600,3,4,9,17,32,37,1,102,17.0,4:2,0,0,0,
18,2003년 04월 05일,0,0,3,12,13,19,32,35,29,114,19.0,4:2,0,0,0,
19,2003년 04월 12일,0,40722959400,6,30,38,39,40,43,26,196,32.67,2:4,0,0,0,
20,2003년 04월 19일,0,19352212800,10,14,18,20,23,30,41,115,19.17,1:5,0,0,0,
21,2003년 04월 26일,0,18341934200,6,12,17,18,31,32,21,116,19.33,2:4,0,0,0,
22,2003년 05월 03일,0,18208779600,4,5,6,8,17,39,25,79,13.17,3:3,0,0,0,
23,2003년 05월 10일,0,17271790800,5,13,17,18,33,42,44,128,21.33,4:2,0,0,0,
24,2003년 05월 17일,0,0,7,8,27,29,36,43,6,150,25.0,4:2,0,0,0,
25,2003년 05월 24일,0,48455490600,2,4,21,26,43,44,16,140,23.33,2:4,0,0,0,
26,2003년 05월 31일,0,17475349500,4,5,7,18,20,25,31,79,13.17,3:3,0,0,0,
27,2003년 06월 07일,0,19087965000,1,20,26,28,37,43,27,155,25.83,3:3,0,0,0,
28,2003년 06월 14일,0,17003611000,9,18,23,25,35,37,1,147,24.5,5:1,0,0,0,
29,2003년 06월 21일,0,17762970000,1,5,13,34,39,40,11,132,22.0,4:2,0,0,0,
30,2003년 06월 28일,0,17457111000,8,17,20,35,36,44,4,160,26.67,2:4,0,0,0,
31,2003년 07월 05일,0,16213345800,7,9,18,23,28,35,32,120,20.0,4:2,0,0,0,
32,2003년 07월 12일,0,16345283000,6,14,19,25,34,44,11,142,23.67,2:4,0,0,0,
33,2003년 07월 19일,0,14903517600,4,7,32,33,40,41,9,157,26.17,3:3,0,0,0,
34,2003년 07월 26일,0,15284590000,9,26,35,37,40,42,2,189,31.5,3:3,0,0,0,
35,2003년 08월 02일,0,15163794600,2,3,11,26,37,43,39,122,20.33,4:2,0,0,0,
36,2003년 08월 09일,0,16014475800,1,10,23,26,28,40,31,128,21.33,2:4,0,0,0,
37,2003년 08월 16일,0,14957998200,7,27,30,33,35,37,42,169,28.17,5:1,0,0,0,
38,2003년 08월 23일,0,16124599200,16,17,22,30,37,43,36,165,27.5,3:3,0,0,0,
39,2003년 08월 30일,0,15742492800,6,7,13,15,21,43,8,105,17.5,5:1,0,0,0,
40,2003년 09월 06일,0,14919481200,7,13,18,19,25,26,6,108,18.0,4:2,0,0,0,
41,2003년 09월 13일,0,0,13,20,23,35,38,43,34,172,28.67,4:2,0,0,0,
42,2003년 09월 20일,0,41395680600,17,18,19,21,23,32,1,130,21.67,4:2,0,0,0,
43,2003년 09월 27일,0,17749630800,6,31,35,38,39,44,1,193,32.17,3:3,0,0,0,
44,2003년 10월 04일,0,16810779000,3,11,21,30,38,45,39,148,24.67,4:2,0,0,0,
45,2003년 10월 11일,0,16712835600,1,10,20,27,33,35,17,126,21.0,4:2,0,0,0,
46,2003년 10월 18일,0,15983276400,8,13,15,23,31,38,39,128,21.33,4:2,0,0,0,
47,2003년 10월 25일,0,16250212000,14,17,26,31,36,45,27,169,28.17,3:3,0,0,0,
48,2003년 11월 01일,0,14494041600,6,10,18,26,37,38,3,135,22.5,1:5,0,0,0,
49,2003년 11월 08일,0,13772532200,4,7,16,19,33,40,30,119,19.83,3:3,0,0,0,
50,2003년 11월 15일,0,15681184200,2,10,12,15,22,44,1,105,17.5,1:5,0,0,0,
51,2003년 11월 22일,0,14526702000,2,3,11,16,26,44,35,102,17.0,2:4,0,0,0,
52,2003년 11월 29일,0,15603379600,2,4,15,16,20,29,1,86,14.33,2:4,0,0,0,
53,2003년 12월 06일,0,15043113000,7,8,14,32,33,39,42,133,22.17,3:3,0,0,0,
54,2003년 12월 13일,0,15445879800,1,8,21,27,36,39,37,132,22.0,4:2,0,0,0,
55,2003년 12월 20일,0,14177599200,17,21,31,37,40,44,7,190,31.67,4:2,0,0,0,
56,2003년 12월 27일,0,15110283600,10,14,30,31,33,37,19,155,25.83,3:3,0,0,0,
57,2004년 01월 03일,0,16457647600,7,10,16,25,29,44,6,131,21.83,3:3,0,0,0,
58,2004년 01월 10일,0,14705716800,10,24,25,33,40,44,1,176,29.33,2:4,0,0,0,
59,2004년 01월 17일,0,16510349200,6,29,36,39,41,45,13,196,32.67,4:2,0,0,0,
60,2004년 01월 24일,0,15207532200,2,8,25,36,39,42,11,152,25.33,2:4,0,0,0,
61,2004년 01월 31일,0,17705194000,14,15,19,30,38,43,8,159,26.5,3:3,0,0,0,
62,2004년 02월 07일,0,15817286400,3,8,15,27,29,35,21,117,19.5,5:1,0,0,0,
63,2004년 02월 14일,0,15844491000,3,20,23,36,38,40,5,160,26.67,2:4,0,0,0,
64,2004년 02월 21일,0,15599272000,14,15,18,21,26,36,39,130,21.67,2:4,0,0,0,
65,2004년 02월 28일,0,14911783200,4,25,33,36,40,43,39,181,30.17,3:3,0,0,0,
66,2004년 03월 06일,0,14740552800,2,3,7,17,22,24,45,75,12.5,3:3,0,0,0,
67,2004년 03월 13일,0,14801055500,3,7,10,15,36,38,33,109,18.17,3:3,0,0,0,
68,2004년 03월 20일,0,14729410500,10,12,15,16,26,39,38,118,19.67,2:4,0,0,0,
69,2004년 03월 27일,0,14888136600,5,8,14,15,19,39,35,100,16.67,4:2,0,0,0,
70,2004년 04월 03일,0,15093833400,5,19,22,25,28,43,26,142,23.67,4:2,0,0,0,
71,2004년 04월 10일,0,0,5,9,12,16,29,41,21,112,18.67,4:2,0,0,0,
72,2004년 04월 17일,0,42386819800,2,4,11,17,26,27,1,87,14.5,3:3,0,0,0,
73,2004년 04월 24일,0,16599972600,3,12,18,32,40,43,38,148,24.67,2:4,0,0,0,
74,2004년 05월 01일,0,15854849400,6,15,17,18,35,40,23,131,21.83,3:3,0,0,0,
75,2004년 05월 08일,0,15658467600,2,5,24,32,34,44,28,141,23.5,1:5,0,0,0,
76,2004년 05월 15일,0,14902045200,1,3,15,22,25,37,43,103,17.17,5:1,0,0,0,
77,2004년 05월 22일,0,15467275800,2,18,29,32,43,44,37,168,28.0,2:4,0,0,0,
78,2004년 05월 29일,0,14079400000,10,13,25,29,33,35,38,145,24.17,5:1,0,0,0,
79,2004년 06월 05일,0,13665775200,3,12,24,27,30,32,14,128,21.33,2:4,0,0,0,
80,2004년 06월 12일,0,13809540000,17,18,24,25,26,30,1,140,23.33,2:4,0,0,0,
81,2004년 06월 19일,0,13571444400,5,7,11,13,20,33,6,89,14.83,5:1,0,0,0,
82,2004년 06월 26일,0,14562494400,1,2,3,14,27,42,39,89,14.83,3:3,0,0,0,
83,2004년 07월 03일,0,14173896600,6,10,15,17,19,34,14,101,16.83,3:3,0,0,0,
84,2004년 07월 10일,0,15339558000,16,23,27,34,42,45,11,187,31.17,3:3,0,0,0,
85,2004년 07월 17일,0,13848439200,6,8,13,23,31,36,21,117,19.5,3:3,0,0,0,
86,2004년 07월 24일,0,14252186400,2,12,37,39,41,45,33,176,29.33,4:2,0,0,0,
87,2004년 07월 31일,0,19792938605,4,12,16,23,34,43,26,132,22.0,2:4,0,0,0,
88,2004년 08월 07일,0,12278838600,1,17,20,24,30,41,27,133,22.17,3:3,0,0,0,
89,2004년 08월 14일,0,12744965700,4,26,28,29,33,40,37,160,26.67,2:4,0,0,0,
90,2004년 08월 21일,0,13165741200,17,20,29,35,38,44,10,183,30.5,3:3,0,0,0,
91,2004년 08월 28일,0,14331609600,1,21,24,26,29,42,27,143,23.83,3:3,0,0,0,
92,2004년 09월 04일,0,13565979306,3,14,24,33,35,36,17,145,24.17,3:3,0,0,0,
93,2004년 09월 11일,0,13615068900,6,22,24,36,38,44,19,170,28.33,0:6,0,0,0,
94,2004년 09월 18일,0,13472039700,5,32,34,40,41,45,6,197,32.83,3:3,0,0,0,
95,2004년 09월 25일,0,13981929904,8,17,27,31,34,43,14,160,26.67,4:2,0,0,0,
96,2004년 10월 02일,0,12929934605,1,3,8,21,22,31,20,86,14.33,4:2,0,0,0,
97,2004년 10월 09일,0,13465926000,6,7,14,15,20,36,3,98,16.33,2:4,0,0,0,
98,2004년 10월 16일,0,12711889200,6,9,16,23,24,32,43,110,18.33,2:4,0,0,0,
99,2004년 10월 23일,0,13015314300,1,3,10,27,29,37,11,107,17.83,5:1,0,0,0,
100,2004년 10월 30일,0,13261262100,1,7,11,23,37,42,6,121,20.17,5:1,0,0,0,
101,2004년 11월 06일,0,13536487500,1,3,17,32,35,45,8,133,22.17,5:1,0,0,0,
102,2004년 11월 13일,0,13114377603,17,22,24,26,35,40,42,164,27.33,2:4,0,0,0,
103,2004년 11월 20일,0,13532716504,5,14,15,27,30,45,10,136,22.67,4:2,0,0,0,
104,2004년 11월 27일,0,13221487500,17,32,33,34,42,44,35,202,33.67,2:4,0,0,0,
105,2004년 12월 04일,0,13667125800,8,10,20,34,41,45,28,158,26.33,2:4,0,0,0,
106,2004년 12월 11일,0,12967378512,4,10,12,22,24,33,29,105,17.5,1:5,0,0,0,
107,2004년 12월 18일,0,13359855600,1,4,5,6,9,31,17,56,9.33,4:2,0,0,0,
108,2004년 12월 25일,0,13992305404,7,18,22,23,29,44,12,143,23.83,3:3,0,0,0,
109,2005년 01월 01일,0,14962058400,1,5,34,36,42,44,33,162,27.0,2:4,0,0,0,
110,2005년 01월 08일,0,13698786000,7,20,22,23,29,43,1,144,24.0,4:2,0,0,0,
111,2005년 01월 15일,0,13194284700,7,18,31,33,36,40,27,165,27.5,3:3,0,0,0,
112,2005년 01월 22일,0,14105440503,26,29,30,33,41,42,43,201,33.5,3:3,0,0,0,
113,2005년 01월 29일,0,14053760406,4,9,28,33,36,45,26,155,25.83,3:3,0,0,0,
114,2005년 02월 05일,0,14174070300,11,14,19,26,28,41,2,139,23.17,3:3,0,0,0,
115,2005년 02월 12일,0,13397306103,1,2,6,9,25,28,31,71,11.83,3:3,0,0,0,
116,2005년 02월 19일,0,13984231205,2,4,25,31,34,37,17,133,22.17,3:3,0,0,0,
117,2005년 02월 26일,0,14025405006,5,10,22,34,36,44,35,151,25.17,1:5,0,0,0,
118,2005년 03월 05일,0,12979897200,3,4,10,17,19,22,38,75,12.5,3:3,0,0,0,
119,2005년 03월 12일,0,13274094600,3,11,13,14,17,21,38,79,13.17,5:1,0,0,0,
120,2005년 03월 19일,0,13093590900,4,6,10,11,32,37,30,100,16.67,2:4,0,0,0,
121,2005년 03월 26일,0,13679296200,12,28,30,34,38,43,9,185,30.83,1:5,0,0,0,
122,2005년 04월 02일,0,13050664200,1,11,16,17,36,40,8,121,20.17,3:3,0,0,0,
123,2005년 04월 09일,0,12664913400,7,17,18,28,30,45,27,145,24.17,3:3,0,0,0,
124,2005년 04월 16일,0,12563426403,4,16,23,25,29,42,1,139,23.17,3:3,0,0,0,
125,2005년 04월 23일,0,12284095502,2,8,32,33,35,36,18,146,24.33,2:4,0,0,0,
126,2005년 04월 30일,0,12323713500,7,20,22,27,40,43,1,159,26.5,3:3,0,0,0,
127,2005년 05월 07일,0,11795634900,3,5,10,29,32,43,35,122,20.33,4:2,0,0,0,
128,2005년 05월 14일,0,12384258600,12,30,34,36,37,45,39,194,32.33,2:4,0,0,0,
129,2005년 05월 21일,0,12029926205,19,23,25,28,38,42,17,175,29.17,3:3,0,0,0,
130,2005년 05월 28일,0,12145986600,7,19,24,27,42,45,31,164,27.33,4:2,0,0,0,
131,2005년 06월 04일,0,11609715904,8,10,11,14,15,21,37,79,13.17,3:3,0,0,0,
132,2005년 06월 11일,0,11681894100,3,17,23,34,41,45,43,163,27.17,5:1,0,0,0,
133,2005년 06월 18일,0,11601940800,4,7,15,18,23,26,13,93,15.5,3:3,0,0,0,
134,2005년 06월 25일,0,11745775500,3,12,20,23,31,35,43,124,20.67,4:2,0,0,0,
135,2005년 07월 02일,0,12021054605,6,14,22,28,35,39,16,144,24.0,2:4,0,0,0,
136,2005년 07월 09일,0,11986164900,2,16,30,36,41,42,11,167,27.83,1:5,0,0,0,
137,2005년 07월 16일,0,11433631203,7,9,20,25,36,39,15,136,22.67,4:2,0,0,0,
138,2005년 07월 23일,0,11135760000,10,11,27,28,37,39,19,152,25.33,4:2,0,0,0,
139,2005년 07월 30일,0,11551471505,9,11,15,20,28,43,13,126,21.0,4:2,0,0,0,
140,2005년 08월 06일,0,10547314200,3,13,17,18,19,28,8,98,16.33,4:2,0,0,0,
141,2005년 08월 13일,0,11403314400,8,12,29,31,42,43,2,165,27.5,3:3,0,0,0,
142,2005년 08월 20일,0,11200921204,12,16,30,34,40,44,19,176,29.33,0:6,0,0,0,
143,2005년 08월 27일,0,11863754100,26,27,28,42,43,45,8,211,35.17,3:3,0,0,0,
144,2005년 09월 03일,0,11219523304,4,15,17,26,36,37,43,135,22.5,3:3,0,0,0,
145,2005년 09월 10일,0,11393514600,2,3,13,20,27,44,9,109,18.17,3:3,0,0,0,
146,2005년 09월 17일,0,12086830500,2,19,27,35,41,42,25,166,27.67,4:2,0,0,0,
147,2005년 09월 24일,0,11900281505,4,6,13,21,40,42,36,126,21.0,2:4,0,0,0,
148,2005년 10월 01일,0,11617982100,21,25,33,34,35,36,17,184,30.67,4:2,0,0,0,
149,2005년 10월 08일,0,11473365001,2,11,21,34,41,42,27,151,25.17,3:3,0,0,0,
150,2005년 10월 15일,0,11326583400,2,18,25,28,37,39,16,149,24.83,3:3,0,0,0,
151,2005년 10월 22일,0,10866536100,1,2,10,13,18,19,15,63,10.5,3:3,0,0,0,
152,2005년 10월 29일,0,11390659200,1,5,13,26,29,34,43,108,18.0,4:2,0,0,0,
153,2005년 11월 05일,0,10922104500,3,8,11,12,13,36,33,83,13.83,3:3,0,0,0,
154,2005년 11월 12일,0,11346514800,6,19,21,35,40,45,20,166,27.67,4:2,0,0,0,
155,2005년 11월 19일,0,10737051606,16,19,20,32,33,41,4,161,26.83,3:3,0,0,0,
156,2005년 11월 26일,0,11208799200,5,18,28,30,42,45,2,168,28.0,2:4,0,0,0,
157,2005년 12월 03일,0,10969807500,19,26,30,33,35,39,37,182,30.33,4:2,0,0,0,
158,2005년 12월 10일,0,10695443400,4,9,13,18,21,34,7,99,16.5,3:3,0,0,0,
159,2005년 12월 17일,0,10532443800,1,18,30,41,42,43,32,175,29.17,3:3,0,0,0,
160,2005년 12월 24일,0,10981610700,3,7,8,34,39,41,1,132,22.0,4:2,0,0,0,
161,2005년 12월 31일,0,13978133904,22,34,36,40,42,45,44,219,36.5,1:5,0,0,0,
162,2006년 01월 07일,0,11541328800,1,5,21,25,38,41,24,131,21.83,5:1,0,0,0,
163,2006년 01월 14일,0,11408085605,7,11,26,28,29,44,16,145,24.17,3:3,0,0,0,
164,2006년 01월 21일,0,12164813700,6,9,10,11,39,41,27,116,19.33,4:2,0,0,0,
165,2006년 01월 28일,0,13534853400,5,13,18,19,22,42,31,119,19.83,3:3,0,0,0,
166,2006년 02월 04일,0,12224299802,9,12,27,36,39,45,14,168,28.0,4:2,0,0,0,
167,2006년 02월 11일,0,12456114600,24,27,28,30,36,39,4,184,30.67,2:4,0,0,0,
168,2006년 02월 18일,0,11749734600,3,10,31,40,42,43,30,169,28.17,3:3,0,0,0,
169,2006년 02월 25일,0,12414441900,16,27,35,37,43,45,19,203,33.83,5:1,0,0,0,
170,2006년 03월 04일,0,11538649500,2,11,13,15,31,42,10,114,19.0,4:2,0,0,0,
171,2006년 03월 11일,0,11768038200,4,16,25,29,34,35,1,143,23.83,3:3,0,0,0,
172,2006년 03월 18일,0,11892694803,4,19,21,24,26,41,35,135,22.5,3:3,0,0,0,
173,2006년 03월 25일,0,11901894304,3,9,24,30,33,34,18,133,22.17,3:3,0,0,0,
174,2006년 04월 01일,0,12397721406,13,14,18,22,35,39,16,141,23.5,3:3,0,0,0,
175,2006년 04월 08일,0,11855663100,19,26,28,31,33,36,17,173,28.83,3:3,0,0,0,
176,2006년 04월 15일,0,11573315400,4,17,30,32,33,34,15,150,25.0,2:4,0,0,0,
177,2006년 04월 22일,0,11852998500,1,10,13,16,37,43,6,120,20.0,4:2,0,0,0,
178,2006년 04월 29일,0,11273105400,1,5,11,12,18,23,9,70,11.67,4:2,0,0,0,
179,2006년 05월 06일,0,10810939200,5,9,17,25,39,43,32,138,23.0,6:0,0,0,0,
180,2006년 05월 13일,0,11526743100,2,15,20,21,29,34,22,121,20.17,3:3,0,0,0,
181,2006년 05월 20일,0,11650579800,14,21,23,32,40,45,44,175,29.17,3:3,0,0,0,
182,2006년 05월 27일,0,11164318200,13,15,27,29,34,40,35,158,26.33,4:2,0,0,0,
183,2006년 06월 03일,0,10663329000,2,18,24,34,40,42,5,160,26.67,0:6,0,0,0,
184,2006년 06월 10일,0,10486518300,1,2,6,16,20,33,41,78,13.0,2:4,0,0,0,
185,2006년 06월 17일,0,10567457400,1,2,4,8,19,38,14,72,12.0,2:4,0,0,0,
186,2006년 06월 24일,0,10690943400,4,10,14,19,21,45,9,113,18.83,3:3,0,0,0,
187,2006년 07월 01일,0,10813137300,1,2,8,18,29,38,42,96,16.0,2:4,0,0,0,
188,2006년 07월 08일,0,10504215600,19,24,27,30,31,34,36,165,27.5,3:3,0,0,0,
189,2006년 07월 15일,0,10385325300,8,14,32,35,37,45,28,171,28.5,3:3,0,0,0,
190,2006년 07월 22일,0,10704956700,8,14,18,30,31,44,15,145,24.17,1:5,0,0,0,
191,2006년 07월 29일,0,10308458700,5,6,24,25,32,37,8,129,21.5,3:3,0,0,0,
192,2006년 08월 05일,0,9781393500,4,8,11,18,37,45,33,123,20.5,3:3,0,0,0,
193,2006년 08월 12일,0,10213349100,6,14,18,26,36,39,13,139,23.17,1:5,0,0,0,
194,2006년 08월 19일,0,10602271500,15,20,23,26,39,44,28,167,27.83,3:3,0,0,0,
195,2006년 08월 26일,0,10108918501,7,10,19,22,35,40,31,133,22.17,3:3,0,0,0,
196,2006년 09월 02일,0,10918147800,35,36,37,41,44,45,30,238,39.67,4:2,0,0,0,
197,2006년 09월 09일,0,10818109800,7,12,16,34,42,45,4,156,26.0,2:4,0,0,0,
198,2006년 09월 16일,0,10787130300,12,19,20,25,41,45,2,162,27.0,4:2,0,0,0,
199,2006년 09월 23일,0,10688504400,14,21,22,25,30,36,43,148,24.67,2:4,0,0,0,
200,2006년 09월 30일,0,10756932904,5,6,13,14,17,20,7,75,12.5,3:3,0,0,0,
201,2006년 10월 07일,0,9719465400,3,11,24,38,39,44,26,159,26.5,3:3,0,0,0,
202,2006년 10월 14일,0,11360350200,12,14,27,33,39,44,17,169,28.17,3:3,0,0,0,
203,2006년 10월 21일,0,10822823700,1,3,11,24,30,32,7,101,16.83,3:3,0,0,0,
204,2006년 10월 28일,0,10866777000,3,12,14,35,40,45,5,149,24.83,3:3,0,0,0,
205,2006년 11월 04일,0,11011330800,1,3,21,29,35,37,30,126,21.0,6:0,0,0,0,
206,2006년 11월 11일,0,10164296700,1,2,3,15,20,25,43,66,11.0,4:2,0,0,0,
207,2006년 11월 18일,0,10523368800,3,11,14,31,32,37,38,128,21.33,4:2,0,0,0,
208,2006년 11월 25일,0,10564604400,14,25,31,34,40,44,24,188,31.33,2:4,0,0,0,
209,2006년 12월 02일,0,9965378100,2,7,18,20,24,33,37,104,17.33,2:4,0,0,0,
210,2006년 12월 09일,0,10278171900,10,19,22,23,25,37,39,136,22.67,4:2,0,0,0,
211,2006년 12월 16일,0,10358002500,12,13,17,20,33,41,8,136,22.67,4:2,0,0,0,
212,2006년 12월 23일,0,10642989000,11,12,18,21,31,38,8,131,21.83,3:3,0,0,0,
213,2006년 12월 30일,0,11013424200,2,3,4,5,20,24,42,58,9.67,2:4,0,0,0,
214,2007년 01월 06일,0,11255847000,5,7,20,25,28,37,32,122,20.33,4:2,0,0,0,
215,2007년 01월 13일,0,11113827305,2,3,7,15,43,44,4,114,19.0,4:2,0,0,0,
216,2007년 01월 20일,0,11030579404,7,16,17,33,36,40,1,149,24.83,3:3,0,0,0,
217,2007년 01월 27일,0,11278723204,16,20,27,33,35,39,38,170,28.33,4:2,0,0,0,
218,2007년 02월 03일,0,11116303200,1,8,14,18,29,44,20,114,19.0,2:4,0,0,0,
219,2007년 02월 10일,0,10875682503,4,11,20,26,35,37,16,133,22.17,3:3,0,0,0,
220,2007년 02월 17일,0,11748569700,5,11,19,21,34,43,31,133,22.17,5:1,0,0,0,
221,2007년 02월 24일,0,10800625500,2,20,33,35,37,40,10,167,27.83,3:3,0,0,0,
222,2007년 03월 03일,0,11375969100,5,7,28,29,39,43,44,151,25.17,5:1,0,0,0,
223,2007년 03월 10일,0,10487194200,1,3,18,20,26,27,38,95,15.83,3:3,0,0,0,
224,2007년 03월 17일,0,10853819700,4,19,26,27,30,42,7,148,24.67,2:4,0,0,0,
225,2007년 03월 24일,0,10663210800,5,11,13,19,31,36,7,115,19.17,5:1,0,0,0,
226,2007년 03월 31일,0,10464600900,2,6,8,14,21,22,34,73,12.17,1:5,0,0,0,
227,2007년 04월 07일,0,10507084800,4,5,15,16,22,42,2,104,17.33,2:4,0,0,0,
228,2007년 04월 14일,0,10320303006,17,25,35,36,39,44,23,196,32.67,4:2,0,0,0,
229,2007년 04월 21일,0,10160087700,4,5,9,11,23,38,35,90,15.0,4:2,0,0,0,
230,2007년 04월 28일,0,10343433304,5,11,14,29,32,33,12,124,20.67,4:2,0,0,0,
231,2007년 05월 05일,0,9795293100,5,10,19,31,44,45,27,154,25.67,4:2,0,0,0,
232,2007년 05월 12일,0,9998265600,8,9,10,12,24,44,35,107,17.83,1:5,0,0,0,
233,2007년 05월 19일,0,9991537500,4,6,13,17,28,40,39,108,18.0,2:4,0,0,0,
234,2007년 05월 26일,0,10078975500,13,21,22,24,26,37,4,143,23.83,3:3,0,0,0,
235,2007년 06월 02일,0,10299990300,21,22,26,27,31,37,8,164,27.33,4:2,0,0,0,
236,2007년 06월 09일,0,10060080300,1,4,8,13,37,39,7,102,17.0,4:2,0,0,0,
237,2007년 06월 16일,0,10084415103,1,11,17,21,24,44,33,118,19.67,4:2,0,0,0,
238,2007년 06월 23일,0,10094945103,2,4,15,28,31,34,35,114,19.0,2:4,0,0,0,
239,2007년 06월 30일,0,10207261503,11,15,24,39,41,44,7,174,29.0,4:2,0,0,0,
240,2007년 07월 07일,0,10196502900,6,10,16,40,41,43,21,156,26.0,2:4,0,0,0,
241,2007년 07월 14일,0,10208065200,2,16,24,27,28,35,21,132,22.0,2:4,0,0,0,
242,2007년 07월 21일,0,9876339000,4,19,20,21,32,34,43,130,21.67,2:4,0,0,0,
243,2007년 07월 28일,0,9635400000,2,12,17,19,28,42,34,120,20.0,2:4,0,0,0,
244,2007년 08월 04일,0,9121583100,13,16,25,36,37,38,19,165,27.5,3:3,0,0,0,
245,2007년 08월 11일,0,9678081903,9,11,27,31,32,38,22,148,24.67,4:2,0,0,0,
246,2007년 08월 18일,0,9558871200,13,18,21,23,26,39,15,140,23.33,4:2,0,0,0,
247,2007년 08월 25일,0,10015883400,12,15,28,36,39,40,13,170,28.33,2:4,0,0,0,
248,2007년 09월 01일,0,9819834904,3,8,17,23,38,45,13,134,22.33,4:2,0,0,0,
249,2007년 09월 08일,0,9981412200,3,8,27,31,41,44,11,154,25.67,4:2,0,0,0,
250,2007년 09월 15일,0,9973631400,19,23,30,37,43,45,38,197,32.83,5:1,0,0,0,
251,2007년 09월 22일,0,10260931200,6,7,19,25,28,38,45,123,20.5,3:3,0,0,0,
252,2007년 09월 29일,0,9737628005,14,23,26,31,39,45,28,178,29.67,4:2,0,0,0,
253,2007년 10월 06일,0,9864758100,8,19,25,31,34,36,33,153,25.5,3:3,0,0,0,
254,2007년 10월 13일,0,9741015900,1,5,19,20,24,30,27,99,16.5,3:3,0,0,0,
255,2007년 10월 20일,0,9591711300,1,5,6,24,27,42,32,105,17.5,3:3,0,0,0,
256,2007년 10월 27일,0,9782034000,4,11,14,21,23,43,32,116,19.33,4:2,0,0,0,
257,2007년 11월 03일,0,9565508100,6,13,27,31,32,37,4,146,24.33,4:2,0,0,0,
258,2007년 11월 10일,0,9705737400,14,27,30,31,38,40,17,180,30.0,2:4,0,0,0,
259,2007년 11월 17일,0,9677067000,4,5,14,35,42,45,34,145,24.17,3:3,0,0,0,
260,2007년 11월 24일,0,9240342300,7,12,15,24,37,40,43,135,22.5,3:3,0,0,0,
261,2007년 12월 01일,0,9576897300,6,11,16,18,31,43,2,125,20.83,3:3,0,0,0,
262,2007년 12월 08일,0,9037483200,9,12,24,25,29,31,36,130,21.67,4:2,0,0,0,
263,2007년 12월 15일,0,9310229400,1,27,28,32,37,40,18,165,27.5,3:3,0,0,0,
264,2007년 12월 22일,0,9414224400,9,16,27,36,41,44,5,173,28.83,3:3,0,0,0,
265,2007년 12월 29일,0,9606708600,5,9,34,37,38,39,12,162,27.0,4:2,0,0,0,
266,2008년 01월 05일,0,9621635100,3,4,9,11,22,42,37,91,15.17,3:3,0,0,0,
267,2008년 01월 12일,0,9772989900,7,8,24,34,36,41,1,150,25.0,2:4,0,0,0,
268,2008년 01월 19일,0,9456681605,3,10,19,24,32,45,12,133,22.17,3:3,0,0,0,
269,2008년 01월 26일,0,9806999700,5,18,20,36,42,43,32,164,27.33,2:4,0,0,0,
270,2008년 02월 02일,0,9639150300,5,9,12,20,21,26,27,93,15.5,3:3,0,0,0,
271,2008년 02월 09일,0,9395508900,3,8,9,27,29,40,36,116,19.33,4:2,0,0,0,
272,2008년 02월 16일,0,9941605200,7,9,12,27,39,43,28,137,22.83,5:1,0,0,0,
273,2008년 02월 23일,0,10018629300,1,8,24,31,34,44,6,142,23.67,2:4,0,0,0,
274,2008년 03월 01일,0,10020342300,13,14,15,26,35,39,25,142,23.67,4:2,0,0,0,
275,2008년 03월 08일,0,10044066900,14,19,20,35,38,40,26,166,27.67,2:4,0,0,0,
276,2008년 03월 15일,0,9937707000,4,15,21,33,39,41,25,153,25.5,5:1,0,0,0,
277,2008년 03월 22일,0,9817883400,10,12,13,15,25,29,20,104,17.33,4:2,0,0,0,
278,2008년 03월 29일,0,9559590000,3,11,37,39,41,43,13,174,29.0,6:0,0,0,0,
279,2008년 04월 05일,0,9571026600,7,16,31,36,37,38,11,165,27.5,3:3,0,0,0,
280,2008년 04월 12일,0,9486809703,10,11,23,24,36,37,35,141,23.5,3:3,0,0,0,
281,2008년 04월 19일,0,9328099200,1,3,4,6,14,41,12,69,11.5,3:3,0,0,0,
282,2008년 04월 26일,0,9254368501,2,5,10,18,31,32,30,98,16.33,2:4,0,0,0,
283,2008년 05월 03일,0,9411673800,6,8,18,31,38,45,42,146,24.33,2:4,0,0,0,
284,2008년 05월 10일,0,9352920900,2,7,15,24,30,45,28,123,20.5,3:3,0,0,0,
285,2008년 05월 17일,0,9493110300,13,33,37,40,41,45,2,209,34.83,5:1,0,0,0,
286,2008년 05월 24일,0,9709698900,1,15,19,40,42,44,17,161,26.83,3:3,0,0,0,
287,2008년 05월 31일,0,9300599700,6,12,24,27,35,37,41,141,23.5,3:3,0,0,0,
288,2008년 06월 07일,0,9429046200,1,12,17,28,35,41,10,134,22.33,4:2,0,0,0,
289,2008년 06월 14일,0,0,3,14,33,37,38,42,10,167,27.83,3:3,0,0,0,
290,2008년 06월 21일,0,27939787512,8,13,18,32,39,45,7,155,25.83,3:3,0,0,0,
291,2008년 06월 28일,0,10154096400,3,7,8,18,20,42,45,98,16.33,2:4,0,0,0,
292,2008년 07월 05일,0,10085235300,17,18,31,32,33,34,10,165,27.5,3:3,0,0,0,
293,2008년 07월 12일,0,9940586400,1,9,17,21,29,33,24,110,18.33,6:0,0,0,0,
294,2008년 07월 19일,0,9626019900,6,10,17,30,37,38,40,138,23.0,2:4,0,0,0,
295,2008년 07월 26일,0,0,1,4,12,16,18,38,8,89,14.83,1:5,0,0,0,
296,2008년 08월 02일,0,24528706200,3,8,15,27,30,45,44,128,21.33,4:2,0,0,0,
297,2008년 08월 09일,0,10113337500,6,11,19,20,28,32,34,116,19.33,2:4,0,0,0,
298,2008년 08월 16일,0,9909778500,5,9,27,29,37,40,19,147,24.5,5:1,0,0,0,
299,2008년 08월 23일,0,10386407703,1,3,20,25,36,45,24,130,21.67,4:2,0,0,0,
300,2008년 08월 30일,0,10033109100,7,9,10,12,26,38,39,102,17.0,2:4,0,0,0,
301,2008년 09월 06일,0,10131695105,7,11,13,33,37,43,26,144,24.0,6:0,0,0,0,
302,2008년 09월 13일,0,10944334500,13,19,20,32,38,42,4,164,27.33,2:4,0,0,0,
303,2008년 09월 20일,0,10036494000,2,14,17,30,38,45,43,146,24.33,2:4,0,0,0,
304,2008년 09월 27일,0,9969876900,4,10,16,26,33,41,38,130,21.67,2:4,0,0,0,
305,2008년 10월 04일,0,10041050700,7,8,18,21,23,39,9,116,19.33,4:2,0,0,0,
306,2008년 10월 11일,0,10513347600,4,18,23,30,34,41,19,150,25.0,2:4,0,0,0,
307,2008년 10월 18일,0,10350573000,5,15,21,23,25,45,12,134,22.33,6:0,0,0,0,
308,2008년 10월 25일,0,10232872800,14,15,17,19,37,45,40,147,24.5,5:1,0,0,0,
309,2008년 11월 01일,0,9917852406,1,2,5,11,18,36,22,73,12.17,3:3,0,0,0,
310,2008년 11월 08일,0,10373706600,1,5,19,28,34,41,16,128,21.33,4:2,0,0,0,
311,2008년 11월 15일,0,9901528504,4,12,24,27,28,32,10,127,21.17,1:5,0,0,0,
312,2008년 11월 22일,0,9435267300,2,3,5,6,12,20,25,48,8.0,2:4,0,0,0,
313,2008년 11월 29일,0,10292536800,9,17,34,35,43,45,2,183,30.5,5:1,0,0,0,
314,2008년 12월 06일,0,9963073200,15,17,19,34,38,41,2,164,27.33,4:2,0,0,0,
315,2008년 12월 13일,0,10469829000,1,13,33,35,43,45,23,170,28.33,6:0,0,0,0,
316,2008년 12월 20일,0,10041518400,10,11,21,27,31,39,43,139,23.17,5:1,0,0,0,
317,2008년 12월 27일,0,10305034200,3,10,11,22,36,39,8,121,20.17,3:3,0,0,0,
318,2009년 01월 03일,0,10866929400,2,17,19,20,34,45,21,137,22.83,3:3,0,0,0,
319,2009년 01월 10일,0,10678296900,5,8,22,28,33,42,37,138,23.0,2:4,0,0,0,
320,2009년 01월 17일,0,11026135800,16,19,23,25,41,45,3,169,28.17,5:1,0,0,0,
321,2009년 01월 24일,0,11754816600,12,18,20,21,25,34,42,130,21.67,2:4,0,0,0,
322,2009년 01월 31일,0,11427268200,9,18,29,32,38,43,20,169,28.17,3:3,0,0,0,
323,2009년 02월 07일,0,11688203104,10,14,15,32,36,42,3,149,24.83,1:5,0,0,0,
324,2009년 02월 14일,0,11190782100,2,4,21,25,33,36,17,121,20.17,3:3,0,0,0,
325,2009년 02월 21일,0,10836734700,7,17,20,32,44,45,33,165,27.5,3:3,0,0,0,
326,2009년 02월 28일,0,10992807300,16,23,25,33,36,39,40,172,28.67,4:2,0,0,0,
327,2009년 03월 07일,0,10592097000,6,12,13,17,32,44,24,124,20.67,2:4,0,0,0,
328,2009년 03월 14일,0,10918775400,1,6,9,16,17,28,24,77,12.83,3:3,0,0,0,
329,2009년 03월 21일,0,10982347200,9,17,19,30,35,42,4,152,25.33,4:2,0,0,0,
330,2009년 03월 28일,0,10460521800,3,4,16,17,19,20,23,79,13.17,3:3,0,0,0,
331,2009년 04월 04일,0,10829513100,4,9,14,26,31,44,39,128,21.33,2:4,0,0,0,
332,2009년 04월 11일,0,10875587104,16,17,34,36,42,45,3,190,31.67,2:4,0,0,0,
333,2009년 04월 18일,0,10856910001,5,14,27,30,39,43,35,158,26.33,4:2,0,0,0,
334,2009년 04월 25일,0,10661020804,13,15,21,29,39,43,33,160,26.67,6:0,0,0,0,
335,2009년 05월 02일,0,10187462400,5,9,16,23,26,45,21,124,20.67,4:2,0,0,0,
336,2009년 05월 09일,0,10113795900,3,5,20,34,35,44,16,141,23.5,3:3,0,0,0,
337,2009년 05월 16일,0,10060004104,1,5,14,18,32,37,4,107,17.83,3:3,0,0,0,
338,2009년 05월 23일,0,10150293000,2,13,34,38,42,45,16,174,29.0,2:4,0,0,0,
339,2009년 05월 30일,0,9871005006,6,8,14,21,30,37,45,116,19.33,2:4,0,0,0,
340,2009년 06월 06일,0,10075752302,18,24,26,29,34,38,32,169,28.17,1:5,0,0,0,
341,2009년 06월 13일,0,10480454404,1,8,19,34,39,43,41,144,24.0,4:2,0,0,0,
342,2009년 06월 20일,0,10362287400,1,13,14,33,34,43,25,138,23.0,4:2,0,0,0,
343,2009년 06월 27일,0,10302918000,1,10,17,29,31,43,15,131,21.83,5:1,0,0,0,
344,2009년 07월 04일,0,10269745801,1,2,15,28,34,45,38,125,20.83,3:3,0,0,0,
345,2009년 07월 11일,0,10407155100,15,20,23,29,39,42,2,168,28.0,4:2,0,0,0,
346,2009년 07월 18일,0,10088636700,5,13,14,22,44,45,33,143,23.83,3:3,0,0,0,
347,2009년 07월 25일,0,10196370002,3,8,13,27,32,42,10,125,20.83,3:3,0,0,0,
348,2009년 08월 01일,0,9899982000,3,14,17,20,24,31,34,109,18.17,3:3,0,0,0,
349,2009년 08월 08일,0,10059627000,5,13,14,20,24,25,36,101,16.83,3:3,0,0,0,
350,2009년 08월 15일,0,9909472203,1,8,18,24,29,33,35,113,18.83,3:3,0,0,0,
351,2009년 08월 22일,0,10333428600,5,25,27,29,34,36,33,156,26.0,4:2,0,0,0,
352,2009년 08월 29일,0,10397149500,5,16,17,20,26,41,24,125,20.83,3:3,0,0,0,
353,2009년 09월 05일,0,10581676500,11,16,19,22,29,36,26,133,22.17,3:3,0,0,0,
354,2009년 09월 12일,0,10622321700,14,19,36,43,44,45,1,201,33.5,3:3,0,0,0,
355,2009년 09월 19일,0,10727124000,5,8,29,30,35,44,38,151,25.17,3:3,0,0,0,
356,2009년 09월 26일,0,10414667403,2,8,14,25,29,45,24,123,20.5,3:3,0,0,0,
357,2009년 10월 03일,0,10626788700,10,14,18,21,36,37,5,136,22.67,2:4,0,0,0,
358,2009년 10월 10일,0,10417964700,1,9,10,12,21,40,37,93,15.5,3:3,0,0,0,
359,2009년 10월 17일,0,10293700800,1,10,19,20,24,40,23,114,19.0,2:4,0,0,0,
360,2009년 10월 24일,0,10700148600,4,16,23,25,35,40,27,143,23.83,3:3,0,0,0,
361,2009년 10월 31일,0,10311805805,5,10,16,24,27,35,33,117,19.5,3:3,0,0,0,
362,2009년 11월 07일,0,10376547900,2,3,22,27,30,40,29,124,20.67,2:4,0,0,0,
363,2009년 11월 14일,0,10463642400,11,12,14,21,32,38,6,128,21.33,2:4,0,0,0,
364,2009년 11월 21일,0,10127659200,2,5,7,14,16,40,4,84,14.0,2:4,0,0,0,
365,2009년 11월 28일,0,10697716800,5,15,21,25,26,30,31,122,20.33,4:2,0,0,0,
366,2009년 12월 05일,0,10703107800,5,12,19,26,27,44,38,133,22.17,3:3,0,0,0,
367,2009년 12월 12일,0,11072156102,3,22,25,29,32,44,19,155,25.83,3:3,0,0,0,
368,2009년 12월 19일,0,10260775805,11,21,24,30,39,45,26,170,28.33,4:2,0,0,0,
369,2009년 12월 26일,0,11053066500,17,20,35,36,41,43,21,192,32.0,4:2,0,0,0,
370,2010년 01월 02일,0,11752593601,16,18,24,42,44,45,17,189,31.5,1:5,0,0,0,
371,2010년 01월 09일,0,10668913801,7,9,15,26,27,42,18,126,21.0,4:2,0,0,0,
372,2010년 01월 16일,0,10733338800,8,11,14,16,18,21,13,88,14.67,2:4,0,0,0,
373,2010년 01월 23일,0,11167204500,15,26,37,42,43,45,9,208,34.67,4:2,0,0,0,
374,2010년 01월 30일,0,11057435700,11,13,15,17,25,34,26,115,19.17,5:1,0,0,0,
375,2010년 02월 06일,0,11068988406,4,8,19,25,27,45,7,128,21.33,4:2,0,0,0,
376,2010년 02월 13일,0,11741494800,1,11,13,24,28,40,7,117,19.5,3:3,0,0,0,
377,2010년 02월 20일,0,11736256200,6,22,29,37,43,45,23,182,30.33,4:2,0,0,0,
378,2010년 02월 27일,0,11588491200,5,22,29,31,34,39,43,160,26.67,4:2,0,0,0,
379,2010년 03월 06일,0,11192998502,6,10,22,31,35,40,19,144,24.0,2:4,0,0,0,
380,2010년 03월 13일,0,10737099300,1,2,8,17,26,37,27,91,15.17,3:3,0,0,0,
381,2010년 03월 20일,0,10749039005,1,5,10,12,16,20,11,64,10.67,2:4,0,0,0,
382,2010년 03월 27일,0,11080049400,10,15,22,24,27,42,19,140,23.33,2:4,0,0,0,
383,2010년 04월 03일,0,10789566300,4,15,28,33,37,40,25,157,26.17,3:3,0,0,0,
384,2010년 04월 10일,0,10976202600,11,22,24,32,36,38,7,163,27.17,1:5,0,0,0,
385,2010년 04월 17일,0,10794228900,7,12,19,21,29,32,9,120,20.0,4:2,0,0,0,
386,2010년 04월 24일,0,10429533300,4,7,10,19,31,40,26,111,18.5,3:3,0,0,0,
387,2010년 05월 01일,0,10702134000,1,26,31,34,40,43,20,175,29.17,3:3,0,0,0,
388,2010년 05월 08일,0,10182175500,1,8,9,17,29,32,45,96,16.0,4:2,0,0,0,
389,2010년 05월 15일,0,10595135100,7,16,18,20,23,26,3,110,18.33,2:4,0,0,0,
390,2010년 05월 22일,0,10373997900,16,17,28,37,39,40,15,177,29.5,3:3,0,0,0,
391,2010년 05월 29일,0,10508749800,10,11,18,22,28,39,30,128,21.33,2:4,0,0,0,
392,2010년 06월 05일,0,10281172200,1,3,7,8,24,42,43,85,14.17,3:3,0,0,0,
393,2010년 06월 12일,0,10896031800,9,16,28,40,41,43,21,177,29.5,3:3,0,0,0,
394,2010년 06월 19일,0,10654349100,1,13,20,22,25,28,15,109,18.17,3:3,0,0,0,
395,2010년 06월 26일,0,10742445000,11,15,20,26,31,35,7,138,23.0,4:2,0,0,0,
396,2010년 07월 03일,0,10593244800,18,20,31,34,40,45,30,188,31.33,2:4,0,0,0,
397,2010년 07월 10일,0,10498559100,12,13,17,22,25,33,8,122,20.33,4:2,0,0,0,
398,2010년 07월 17일,0,10722502200,10,15,20,23,42,44,7,154,25.67,2:4,0,0,0,
399,2010년 07월 24일,0,10214839800,1,2,9,17,19,42,20,90,15.0,4:2,0,0,0,
400,2010년 07월 31일,0,10679337300,9,21,27,34,41,43,2,175,29.17,5:1,0,0,0,
401,2010년 08월 07일,0,10513933128,6,12,18,31,38,43,9,148,24.67,2:4,0,0,0,
402,2010년 08월 14일,0,10648824752,5,9,15,19,22,36,32,106,17.67,4:2,0,0,0,
403,2010년 08월 21일,0,10611984375,10,14,22,24,28,37,26,135,22.5,1:5,0,0,0,
404,2010년 08월 28일,0,10699978125,5,20,21,24,33,40,36,143,23.83,3:3,0,0,0,
405,2010년 09월 04일,0,10631634000,1,2,10,25,26,44,4,108,18.0,2:4,0,0,0,
406,2010년 09월 11일,0,10780712250,7,12,21,24,27,36,45,127,21.17,3:3,0,0,0,
407,2010년 09월 18일,0,11547951002,6,7,13,16,24,25,1,91,15.17,3:3,0,0,0,
408,2010년 09월 25일,0,11176879125,9,20,21,22,30,37,16,139,23.17,3:3,0,0,0,
409,2010년 10월 02일,0,11587959000,6,9,21,31,32,40,38,139,23.17,3:3,0,0,0,
410,2010년 10월 09일,0,11244021381,1,3,18,32,40,41,16,135,22.5,3:3,0,0,0,
411,2010년 10월 16일,0,11438730756,11,14,22,35,37,39,5,158,26.33,4:2,0,0,0,
412,2010년 10월 23일,0,11593398754,4,7,39,41,42,45,40,178,29.67,4:2,0,0,0,
413,2010년 10월 30일,0,11258694000,2,9,15,23,34,40,3,123,20.5,3:3,0,0,0,
414,2010년 11월 06일,0,11703832500,2,14,15,22,23,44,43,120,20.0,2:4,0,0,0,
415,2010년 11월 13일,0,10673459256,7,17,20,26,30,40,24,140,23.33,2:4,0,0,0,
416,2010년 11월 20일,0,10720371000,5,6,8,11,22,26,44,78,13.0,2:4,0,0,0,
417,2010년 11월 27일,0,11273319752,4,5,14,20,22,43,44,108,18.0,2:4,0,0,0,
418,2010년 12월 04일,0,11485198128,11,13,15,26,28,34,31,127,21.17,3:3,0,0,0,
419,2010년 12월 11일,0,11389472250,2,11,13,14,28,30,7,98,16.33,2:4,0,0,0,
420,2010년 12월 18일,0,11398851000,4,9,10,29,31,34,27,117,19.5,3:3,0,0,0,
421,2010년 12월 25일,0,11605721625,6,11,26,27,28,44,30,142,23.67,2:4,0,0,0,
422,2011년 01월 01일,0,13231508250,8,15,19,21,34,44,12,141,23.5,3:3,0,0,0,
423,2011년 01월 08일,0,11688461625,1,17,27,28,29,40,5,142,23.67,4:2,0,0,0,
424,2011년 01월 15일,0,11094808130,10,11,26,31,34,44,30,156,26.0,2:4,0,0,0,
425,2011년 01월 22일,0,12278664000,8,10,14,27,33,38,3,130,21.67,2:4,0,0,0,
426,2011년 01월 29일,0,12228934500,4,17,18,27,39,43,19,148,24.67,4:2,0,0,0,
427,2011년 02월 05일,0,12571445625,6,7,15,24,28,30,21,110,18.33,2:4,0,0,0,
428,2011년 02월 12일,0,12939148881,12,16,19,22,37,40,8,146,24.33,2:4,0,0,0,
429,2011년 02월 19일,0,13373142381,3,23,28,34,39,42,16,169,28.17,3:3,0,0,0,
430,2011년 02월 26일,0,12894105752,1,3,16,18,30,34,44,102,17.0,2:4,0,0,0,
431,2011년 03월 05일,0,12684340130,18,22,25,31,38,45,6,179,29.83,3:3,0,0,0,
432,2011년 03월 12일,0,11497137750,2,3,5,11,27,39,33,87,14.5,5:1,0,0,0,
433,2011년 03월 19일,0,13005238510,19,23,29,33,35,43,27,182,30.33,6:0,0,0,0,
434,2011년 03월 26일,0,11840482128,3,13,20,24,33,37,35,130,21.67,4:2,0,0,0,
435,2011년 04월 02일,0,12875500130,8,16,26,30,38,45,42,163,27.17,1:5,0,0,0,
436,2011년 04월 09일,0,12098132632,9,14,20,22,33,34,28,132,22.0,2:4,0,0,0,
437,2011년 04월 16일,0,12577472628,11,16,29,38,41,44,21,179,29.83,3:3,0,0,0,
438,2011년 04월 23일,0,12394279503,6,12,20,26,29,38,45,131,21.83,1:5,0,0,0,
439,2011년 04월 30일,0,11400464250,17,20,30,31,37,40,25,175,29.17,3:3,0,0,0,
440,2011년 05월 07일,0,11975238000,10,22,28,34,36,44,2,174,29.0,0:6,0,0,0,
441,2011년 05월 14일,0,12681668252,1,23,28,30,34,35,9,151,25.17,3:3,0,0,0,
442,2011년 05월 21일,0,12720717378,25,27,29,36,38,40,41,195,32.5,3:3,0,0,0,
443,2011년 05월 28일,0,11948378256,4,6,10,19,20,44,14,103,17.17,1:5,0,0,0,
444,2011년 06월 04일,0,12462565875,11,13,23,35,43,45,17,170,28.33,6:0,0,0,0,
445,2011년 06월 11일,0,12541781252,13,20,21,30,39,45,32,168,28.0,4:2,0,0,0,
446,2011년 06월 18일,0,12153742875,1,11,12,14,26,35,6,99,16.5,3:3,0,0,0,
447,2011년 06월 25일,0,10631764500,2,7,8,9,17,33,34,76,12.67,4:2,0,0,0,
448,2011년 07월 02일,0,12078638250,3,7,13,27,40,41,36,131,21.83,5:1,0,0,0,
449,2011년 07월 09일,0,12179145750,3,10,20,26,35,43,36,137,22.83,3:3,0,0,0,
450,2011년 07월 16일,0,11942349750,6,14,19,21,23,31,13,114,19.0,4:2,0,0,0,
451,2011년 07월 23일,0,11467806376,12,15,20,24,30,38,29,139,23.17,1:5,0,0,0,
452,2011년 07월 30일,0,11492118000,8,10,18,30,32,34,27,132,22.0,0:6,0,0,0,
453,2011년 08월 06일,0,11313661875,12,24,33,38,40,42,30,189,31.5,1:5,0,0,0,
454,2011년 08월 13일,0,11263879130,13,25,27,34,38,41,10,178,29.67,4:2,0,0,0,
455,2011년 08월 20일,0,11449980381,4,19,20,26,30,35,24,134,22.33,2:4,0,0,0,
456,2011년 08월 27일,0,11189535378,1,7,12,18,23,27,44,88,14.67,4:2,0,0,0,
457,2011년 09월 03일,0,11599028250,8,10,18,23,27,40,33,126,21.0,2:4,0,0,0,
458,2011년 09월 10일,0,12870501000,4,9,10,32,36,40,18,131,21.83,1:5,0,0,0,
459,2011년 09월 17일,0,11590895631,4,6,10,14,25,40,12,99,16.5,1:5,0,0,0,
460,2011년 09월 24일,0,12723583128,8,11,28,30,43,45,41,165,27.5,3:3,0,0,0,
461,2011년 10월 01일,0,11692049250,11,18,26,31,37,40,43,163,27.17,3:3,0,0,0,
462,2011년 10월 08일,0,11868474376,3,20,24,32,37,45,4,161,26.83,3:3,0,0,0,
463,2011년 10월 15일,0,0,23,29,31,33,34,44,40,194,32.33,4:2,0,0,0,
464,2011년 10월 22일,0,43624374378,6,12,15,34,42,44,4,153,25.5,1:5,0,0,0,
465,2011년 10월 29일,0,13465640251,1,8,11,13,22,38,31,93,15.5,3:3,0,0,0,
466,2011년 11월 05일,0,13772821131,4,10,13,23,32,44,20,126,21.0,2:4,0,0,0,
467,2011년 11월 12일,0,12918969756,2,12,14,17,24,40,39,109,18.17,1:5,0,0,0,
468,2011년 11월 19일,0,13744774503,8,13,15,28,37,43,17,144,24.0,4:2,0,0,0,
469,2011년 11월 26일,0,13320525000,4,21,22,34,37,38,33,156,26.0,2:4,0,0,0,
470,2011년 12월 03일,0,12999991875,10,16,20,39,41,42,27,168,28.0,2:4,0,0,0,
471,2011년 12월 10일,0,13575330006,6,13,29,37,39,41,43,165,27.5,5:1,0,0,0,
472,2011년 12월 17일,0,12667592630,16,25,26,31,36,43,44,177,29.5,3:3,0,0,0,
473,2011년 12월 24일,0,13001672252,8,13,20,22,23,36,34,122,20.33,2:4,0,0,0,
474,2011년 12월 31일,0,14050362000,4,13,18,31,33,45,43,144,24.0,4:2,0,0,0,
475,2012년 01월 07일,0,13551384376,1,9,14,16,21,29,3,90,15.0,4:2,0,0,0,
476,2012년 01월 14일,0,13759405876,9,12,13,15,37,38,27,124,20.67,4:2,0,0,0,
477,2012년 01월 21일,0,15352094632,14,25,29,32,33,45,37,178,29.67,4:2,0,0,0,
478,2012년 01월 28일,0,13821146626,18,29,30,37,39,43,8,196,32.67,4:2,0,0,0,
479,2012년 02월 04일,0,13398279000,8,23,25,27,35,44,24,162,27.0,4:2,0,0,0,
480,2012년 02월 11일,0,11986969128,3,5,10,17,30,31,16,96,16.0,4:2,0,0,0,
481,2012년 02월 18일,0,13918067250,3,4,23,29,40,41,20,140,23.33,4:2,0,0,0,
482,2012년 02월 25일,0,13285448253,1,10,16,24,25,35,43,111,18.5,3:3,0,0,0,
483,2012년 03월 03일,0,12835983375,12,15,19,22,28,34,5,130,21.67,2:4,0,0,0,
484,2012년 03월 10일,0,13831818378,1,3,27,28,32,45,11,136,22.67,4:2,0,0,0,
485,2012년 03월 17일,0,13513274253,17,22,26,27,36,39,20,167,27.83,3:3,0,0,0,
486,2012년 03월 24일,0,13112243625,1,2,23,25,38,40,43,129,21.5,3:3,0,0,0,
487,2012년 03월 31일,0,13110646128,4,8,25,27,37,41,21,142,23.67,4:2,0,0,0,
488,2012년 04월 07일,0,13303935750,2,8,17,30,31,38,25,126,21.0,2:4,0,0,0,
489,2012년 04월 14일,0,12638163750,2,4,8,15,20,27,11,76,12.67,2:4,0,0,0,
490,2012년 04월 21일,0,13021639127,2,7,26,29,40,43,42,147,24.5,3:3,0,0,0,
491,2012년 04월 28일,0,13218537752,8,17,35,36,39,42,4,177,29.5,3:3,0,0,0,
492,2012년 05월 05일,0,12465069000,22,27,31,35,37,40,42,192,32.0,4:2,0,0,0,
493,2012년 05월 12일,0,13060083006,20,22,26,33,36,37,25,174,29.0,2:4,0,0,0,
494,2012년 05월 19일,0,12655060884,5,7,8,15,30,43,22,108,18.0,4:2,0,0,0,
495,2012년 05월 26일,0,12669870000,4,13,22,27,34,44,6,144,24.0,2:4,0,0,0,
496,2012년 06월 02일,0,13143729000,4,13,20,29,36,41,39,143,23.83,3:3,0,0,0,
497,2012년 06월 09일,0,13336906878,19,20,23,24,43,44,13,173,28.83,3:3,0,0,0,
498,2012년 06월 16일,0,12978012376,13,14,24,32,39,41,3,163,27.17,3:3,0,0,0,
499,2012년 06월 23일,0,12211440750,5,20,23,27,35,40,43,150,25.0,4:2,0,0,0,
500,2012년 06월 30일,0,12159651375,3,4,12,20,24,34,41,97,16.17,1:5,0,0,0,
501,2012년 07월 07일,0,12100800376,1,4,10,17,31,42,2,105,17.5,3:3,0,0,0,
502,2012년 07월 14일,0,13208748750,6,22,28,32,34,40,26,162,27.0,0:6,0,0,0,
503,2012년 07월 21일,0,12975444377,1,5,27,30,34,36,40,133,22.17,3:3,0,0,0,
504,2012년 07월 28일,0,12989132631,6,14,22,26,43,44,31,155,25.83,1:5,0,0,0,
505,2012년 08월 04일,0,11507731128,7,20,22,25,38,40,44,152,25.33,2:4,0,0,0,
506,2012년 08월 11일,0,12220001625,6,9,11,22,24,30,31,102,17.0,2:4,0,0,0,
507,2012년 08월 18일,0,12747949875,12,13,32,33,40,41,4,171,28.5,3:3,0,0,0,
508,2012년 08월 25일,0,12796462880,5,27,31,34,35,43,37,175,29.17,5:1,0,0,0,
509,2012년 09월 01일,0,13445380500,12,25,29,35,42,43,24,186,31.0,4:2,0,0,0,
510,2012년 09월 08일,0,13220790750,12,29,32,33,39,40,42,185,30.83,3:3,0,0,0,
511,2012년 09월 15일,0,12993475500,3,7,14,23,26,42,24,115,19.17,3:3,0,0,0,
512,2012년 09월 22일,0,12221227876,4,5,9,13,26,27,1,84,14.0,4:2,0,0,0,
513,2012년 09월 29일,0,13768874250,5,8,21,23,27,33,12,117,19.5,5:1,0,0,0,
514,2012년 10월 06일,0,13353166500,1,15,20,26,35,42,9,139,23.17,3:3,0,0,0,
515,2012년 10월 13일,0,13200466875,2,11,12,15,23,37,8,100,16.67,4:2,0,0,0,
516,2012년 10월 20일,0,14236092002,2,8,23,41,43,44,30,161,26.83,3:3,0,0,0,
517,2012년 10월 27일,0,13295288625,1,9,12,28,36,41,10,127,21.17,3:3,0,0,0,
518,2012년 11월 03일,0,13582824750,14,23,30,32,34,38,6,171,28.5,1:5,0,0,0,
519,2012년 11월 10일,0,13654209751,6,8,13,16,30,43,3,116,19.33,2:4,0,0,0,
520,2012년 11월 17일,0,13003232628,4,22,27,28,38,40,1,159,26.5,1:5,0,0,0,
521,2012년 11월 24일,0,13547367376,3,7,18,29,32,36,19,125,20.83,3:3,0,0,0,
522,2012년 12월 01일,0,13689738000,4,5,13,14,37,41,11,114,19.0,4:2,0,0,0,
523,2012년 12월 08일,0,12462490880,1,4,37,38,40,45,7,165,27.5,3:3,0,0,0,
524,2012년 12월 15일,0,13966782376,10,11,29,38,41,45,21,174,29.0,4:2,0,0,0,
525,2012년 12월 22일,0,13510191375,11,23,26,29,39,44,22,172,28.67,4:2,0,0,0,
526,2012년 12월 29일,0,13419287631,7,14,17,20,35,39,31,132,22.0,4:2,0,0,0,
527,2013년 01월 05일,0,13421022758,1,12,22,32,33,42,38,142,23.67,2:4,0,0,0,
528,2013년 01월 12일,0,13176780375,5,17,25,31,39,40,10,157,26.17,5:1,0,0,0,
529,2013년 01월 19일,0,13992918376,18,20,24,27,31,42,39,162,27.0,2:4,0,0,0,
530,2013년 01월 26일,0,13548218629,16,23,27,29,33,41,22,169,28.17,5:1,0,0,0,
531,2013년 02월 02일,0,13693677750,1,5,9,21,27,35,45,98,16.33,6:0,0,0,0,
532,2013년 02월 09일,0,15518274002,16,17,23,24,29,44,3,153,25.5,3:3,0,0,0,
533,2013년 02월 16일,0,14285372632,9,14,15,17,31,33,23,119,19.83,5:1,0,0,0,
534,2013년 02월 23일,0,14215763250,10,24,26,29,37,38,32,164,27.33,2:4,0,0,0,
535,2013년 03월 02일,0,14806809000,11,12,14,15,18,39,34,109,18.17,3:3,0,0,0,
536,2013년 03월 09일,0,14393759633,7,8,18,32,37,43,12,145,24.17,3:3,0,0,0,
537,2013년 03월 16일,0,14728272377,12,23,26,30,36,43,11,170,28.33,2:4,0,0,0,
538,2013년 03월 23일,0,14064064875,6,10,18,31,32,34,11,131,21.83,1:5,0,0,0,
539,2013년 03월 30일,0,14589330003,3,19,22,31,42,43,26,160,26.67,4:2,0,0,0,
540,2013년 04월 06일,0,13925556750,3,12,13,15,34,36,14,113,18.83,3:3,0,0,0,
541,2013년 04월 13일,0,13962598881,8,13,26,28,32,34,43,141,23.5,1:5,0,0,0,
542,2013년 04월 20일,0,14010915378,5,6,19,26,41,45,34,142,23.67,4:2,0,0,0,
543,2013년 04월 27일,0,13355218128,13,18,26,31,34,44,12,166,27.67,2:4,0,0,0,
544,2013년 05월 04일,0,13603049629,5,17,21,25,36,44,10,148,24.67,4:2,0,0,0,
545,2013년 05월 11일,0,13188937883,4,24,25,27,34,35,2,149,24.83,3:3,0,0,0,
546,2013년 05월 18일,0,12178198500,8,17,20,27,37,43,6,152,25.33,4:2,0,0,0,
547,2013년 05월 25일,0,14192222250,6,7,15,22,34,39,28,123,20.5,3:3,0,0,0,
548,2013년 06월 01일,0,13894975128,1,12,13,21,32,45,14,124,20.67,4:2,0,0,0,
549,2013년 06월 08일,0,14086440376,29,31,35,38,40,44,17,217,36.17,3:3,0,0,0,
550,2013년 06월 15일,0,12305471255,1,7,14,20,34,37,41,113,18.83,3:3,0,0,0,
551,2013년 06월 22일,0,13526973750,3,6,20,24,27,44,25,124,20.67,2:4,0,0,0,
552,2013년 06월 29일,0,13308242250,1,10,20,32,35,40,43,138,23.0,2:4,0,0,0,
553,2013년 07월 06일,0,13497788628,2,7,17,28,29,39,37,122,20.33,4:2,0,0,0,
554,2013년 07월 13일,0,13627787250,13,14,17,32,41,42,6,159,26.5,3:3,0,0,0,
555,2013년 07월 20일,0,13688218880,11,17,21,24,26,36,12,135,22.5,3:3,0,0,0,
556,2013년 07월 27일,0,14036464127,12,20,23,28,30,44,43,157,26.17,1:5,0,0,0,
557,2013년 08월 03일,0,13216485002,4,20,26,28,35,40,31,153,25.5,1:5,0,0,0,
558,2013년 08월 10일,0,13159136630,12,15,19,26,40,43,29,155,25.83,3:3,0,0,0,
559,2013년 08월 17일,0,13483019256,11,12,25,32,44,45,23,169,28.17,3:3,0,0,0,
560,2013년 08월 24일,0,13836880505,1,4,20,23,29,45,28,122,20.33,4:2,0,0,0,
561,2013년 08월 31일,0,13768561125,5,7,18,37,42,45,20,154,25.67,4:2,0,0,0,
562,2013년 09월 07일,0,12833640754,4,11,13,17,20,31,33,96,16.0,4:2,0,0,0,
563,2013년 09월 14일,0,13529149501,5,10,16,17,31,32,21,111,18.5,3:3,0,0,0,
564,2013년 09월 21일,0,13543608001,14,19,25,26,27,34,2,145,24.17,3:3,0,0,0,
565,2013년 09월 28일,0,13936515752,4,10,18,27,40,45,38,144,24.0,2:4,0,0,0,
566,2013년 10월 05일,0,14035804128,4,5,6,25,26,43,41,109,18.17,3:3,0,0,0,
567,2013년 10월 12일,0,13911956628,1,10,15,16,32,41,28,115,19.17,3:3,0,0,0,
568,2013년 10월 19일,0,13051675500,1,3,17,20,31,44,40,116,19.33,4:2,0,0,0,
569,2013년 10월 26일,0,13871700752,3,6,13,23,24,35,1,104,17.33,4:2,0,0,0,
570,2013년 11월 02일,0,13750124625,1,12,26,27,29,33,42,128,21.33,4:2,0,0,0,
571,2013년 11월 09일,0,13765769255,11,18,21,26,38,43,29,157,26.17,3:3,0,0,0,
572,2013년 11월 16일,0,13345729504,3,13,18,33,37,45,1,149,24.83,5:1,0,0,0,
573,2013년 11월 23일,0,13165534128,2,4,20,34,35,43,14,138,23.0,2:4,0,0,0,
574,2013년 11월 30일,0,13930369876,14,15,16,19,25,43,2,132,22.0,4:2,0,0,0,
575,2013년 12월 07일,0,13594143000,2,8,20,30,33,34,6,127,21.17,1:5,0,0,0,
576,2013년 12월 14일,0,12965898000,10,11,15,25,35,41,13,137,22.83,5:1,0,0,0,
577,2013년 12월 21일,0,13453315125,16,17,22,31,34,37,33,157,26.17,3:3,0,0,0,
578,2013년 12월 28일,0,13982332875,5,12,14,32,34,42,16,139,23.17,1:5,0,0,0,
579,2014년 01월 04일,0,15356752884,5,7,20,22,37,42,39,133,22.17,3:3,0,0,0,
580,2014년 01월 11일,0,14200273500,5,7,9,11,32,35,33,99,16.5,5:1,0,0,0,
581,2014년 01월 18일,0,14756436376,3,5,14,20,42,44,33,128,21.33,2:4,0,0,0,
582,2014년 01월 25일,0,14242234876,2,12,14,33,40,41,25,142,23.67,2:4,0,0,0,
583,2014년 02월 01일,0,14760331883,8,17,27,33,40,44,24,169,28.17,3:3,0,0,0,
584,2014년 02월 08일,0,15099549750,7,18,30,39,40,41,36,175,29.17,3:3,0,0,0,
585,2014년 02월 15일,0,14584917006,6,7,10,16,38,41,4,118,19.67,2:4,0,0,0,
586,2014년 02월 22일,0,14226834752,2,7,12,15,21,34,5,91,15.17,3:3,0,0,0,
587,2014년 03월 01일,0,14923732125,14,21,29,31,32,37,17,164,27.33,4:2,0,0,0,
588,2014년 03월 08일,0,14446710375,2,8,15,22,25,41,30,113,18.83,3:3,0,0,0,
589,2014년 03월 15일,0,14958145881,6,8,28,33,38,39,22,152,25.33,2:4,0,0,0,
590,2014년 03월 22일,0,15296287881,20,30,36,38,41,45,23,210,35.0,2:4,0,0,0,
591,2014년 03월 29일,0,14823381000,8,13,14,30,38,39,5,142,23.67,2:4,0,0,0,
592,2014년 04월 05일,0,14138290128,2,5,6,13,28,44,43,98,16.33,2:4,0,0,0,
593,2014년 04월 12일,0,13795501500,9,10,13,24,33,38,28,127,21.17,3:3,0,0,0,
594,2014년 04월 19일,0,13811520756,2,8,13,25,28,37,3,113,18.83,3:3,0,0,0,
595,2014년 04월 26일,0,13956201752,8,24,28,35,38,40,5,173,28.83,1:5,0,0,0,
596,2014년 05월 03일,0,13282676630,3,4,12,14,25,43,17,101,16.83,3:3,0,0,0,
597,2014년 05월 10일,0,13752967878,8,10,23,24,35,43,37,143,23.83,3:3,0,0,0,
598,2014년 05월 17일,0,13343977504,4,12,24,33,38,45,22,156,26.0,2:4,0,0,0,
599,2014년 05월 24일,0,13687346632,5,12,17,29,34,35,27,132,22.0,4:2,0,0,0,
600,2014년 05월 31일,0,13526980875,5,11,14,27,29,36,44,122,20.33,4:2,0,0,0,
601,2014년 06월 07일,0,13721086881,2,16,19,31,34,35,37,137,22.83,3:3,0,0,0,
602,2014년 06월 14일,0,13516246880,13,14,22,27,30,38,2,144,24.0,2:4,0,0,0,
603,2014년 06월 21일,0,13808546252,2,19,25,26,27,43,28,142,23.67,4:2,0,0,0,
604,2014년 06월 28일,0,13520557127,2,6,18,21,33,34,30,114,19.0,2:4,0,0,0,
605,2014년 07월 05일,0,12548090250,1,2,7,9,10,38,42,67,11.17,3:3,0,0,0,
606,2014년 07월 12일,0,13115668500,1,5,6,14,20,39,22,85,14.17,3:3,0,0,0,
607,2014년 07월 19일,0,13977923628,8,14,23,36,38,39,13,158,26.33,2:4,0,0,0,
608,2014년 07월 26일,0,13604710126,4,8,18,19,39,44,41,132,22.0,2:4,0,0,0,
609,2014년 08월 02일,0,12678622876,4,8,27,34,39,40,13,152,25.33,2:4,0,0,0,
610,2014년 08월 09일,0,14064073500,14,18,20,23,28,36,33,139,23.17,1:5,0,0,0,
611,2014년 08월 16일,0,14010824628,2,22,27,33,36,37,14,157,26.17,3:3,0,0,0,
612,2014년 08월 23일,0,12998757750,6,9,18,19,25,33,40,110,18.33,4:2,0,0,0,
613,2014년 08월 30일,0,13948480881,7,8,11,16,41,44,35,127,21.17,3:3,0,0,0,
614,2014년 09월 06일,0,15245852628,8,21,25,39,40,44,18,177,29.5,3:3,0,0,0,
615,2014년 09월 13일,0,13815561753,10,17,18,19,23,27,35,114,19.0,4:2,0,0,0,
616,2014년 09월 20일,0,14506301250,5,13,18,23,40,45,3,144,24.0,4:2,0,0,0,
617,2014년 09월 27일,0,13037614880,4,5,11,12,24,27,28,83,13.83,3:3,0,0,0,
618,2014년 10월 04일,0,14406631125,8,16,25,30,42,43,15,164,27.33,2:4,0,0,0,
619,2014년 10월 11일,0,13837438125,6,8,13,30,35,40,21,132,22.0,2:4,0,0,0,
620,2014년 10월 18일,0,14197982631,2,16,17,32,39,45,40,151,25.17,3:3,0,0,0,
621,2014년 10월 25일,0,14158341000,1,2,6,16,19,42,9,86,14.33,2:4,0,0,0,
622,2014년 11월 01일,0,14675384628,9,15,16,21,28,34,24,123,20.5,3:3,0,0,0,
623,2014년 11월 08일,0,14509620752,7,13,30,39,41,45,25,175,29.17,5:1,0,0,0,
624,2014년 11월 15일,0,13818647250,1,7,19,26,27,35,16,115,19.17,5:1,0,0,0,
625,2014년 11월 22일,0,13825923375,3,6,7,20,21,39,13,96,16.0,4:2,0,0,0,
626,2014년 11월 29일,0,13742968880,13,14,26,33,40,43,15,169,28.17,3:3,0,0,0,
627,2014년 12월 06일,0,13522306500,2,9,22,25,31,45,12,134,22.33,4:2,0,0,0,
628,2014년 12월 13일,0,13499485875,1,7,12,15,23,42,11,100,16.67,4:2,0,0,0,
629,2014년 12월 20일,0,14597167875,19,28,31,38,43,44,1,203,33.83,3:3,0,0,0,
630,2014년 12월 27일,0,14508916500,8,17,21,24,27,31,15,128,21.33,4:2,0,0,0,
631,2015년 01월 03일,0,15679414128,1,2,4,23,31,34,8,95,15.83,3:3,0,0,0,
632,2015년 01월 10일,0,15758464876,15,18,21,32,35,44,6,165,27.5,3:3,0,0,0,
633,2015년 01월 17일,0,14607085128,9,12,19,20,39,41,13,140,23.33,4:2,0,0,0,
634,2015년 01월 24일,0,14013156378,4,10,11,12,20,27,38,84,14.0,2:4,0,0,0,
635,2015년 01월 31일,0,14844697880,11,13,25,26,29,33,32,137,22.83,5:1,0,0,0,
636,2015년 02월 07일,0,14658897752,6,7,15,16,20,31,26,95,15.83,3:3,0,0,0,
637,2015년 02월 14일,0,15596964376,3,16,22,37,38,44,23,160,26.67,2:4,0,0,0,
638,2015년 02월 21일,0,15605822253,7,18,22,24,31,34,6,136,22.67,2:4,0,0,0,
639,2015년 02월 28일,0,16244740876,6,15,22,23,25,32,40,123,20.5,3:3,0,0,0,
640,2015년 03월 07일,0,15558919506,14,15,18,21,26,35,23,129,21.5,3:3,0,0,0,
641,2015년 03월 14일,0,15920596504,11,18,21,36,37,43,12,166,27.67,4:2,0,0,0,
642,2015년 03월 21일,0,15017525256,8,17,18,24,39,45,32,151,25.17,3:3,0,0,0,
643,2015년 03월 28일,0,15214581750,15,24,31,32,33,40,13,175,29.17,3:3,0,0,0,
644,2015년 04월 04일,0,14651609632,5,13,17,23,28,36,8,122,20.33,4:2,0,0,0,
645,2015년 04월 11일,0,14785191000,1,4,16,26,40,41,31,128,21.33,2:4,0,0,0,
646,2015년 04월 18일,0,15508488751,2,9,24,41,43,45,30,164,27.33,4:2,0,0,0,
647,2015년 04월 25일,0,15328079256,5,16,21,23,24,30,29,119,19.83,3:3,0,0,0,
648,2015년 05월 02일,0,14846915629,13,19,28,37,38,43,4,178,29.67,4:2,0,0,0,
649,2015년 05월 09일,0,14740210500,3,21,22,33,41,42,20,162,27.0,4:2,0,0,0,
650,2015년 05월 16일,0,14246494500,3,4,7,11,31,41,35,97,16.17,5:1,0,0,0,
651,2015년 05월 23일,0,14842451632,11,12,16,26,29,44,18,138,23.0,2:4,0,0,0,
652,2015년 05월 30일,0,15017417625,3,13,15,40,41,44,20,156,26.0,4:2,0,0,0,
653,2015년 06월 06일,0,13733421380,5,6,26,27,38,39,1,141,23.5,3:3,0,0,0,
654,2015년 06월 13일,0,15034411128,16,21,26,31,36,43,6,173,28.83,3:3,0,0,0,
655,2015년 06월 20일,0,14952956625,7,37,38,39,40,44,18,205,34.17,3:3,0,0,0,
656,2015년 06월 27일,0,14660005500,3,7,14,16,31,40,39,111,18.5,3:3,0,0,0,
657,2015년 07월 04일,0,15252865128,10,14,19,39,40,43,23,165,27.5,3:3,0,0,0,
658,2015년 07월 11일,0,14706282375,8,19,25,28,32,36,37,148,24.67,2:4,0,0,0,
659,2015년 07월 18일,0,14702646376,7,18,19,27,29,42,45,142,23.67,4:2,0,0,0,
660,2015년 07월 25일,0,14212725750,4,9,23,33,39,44,14,152,25.33,4:2,0,0,0,
661,2015년 08월 01일,0,13704204376,2,3,12,20,27,38,40,102,17.0,2:4,0,0,0,
662,2015년 08월 08일,0,13517869504,5,6,9,11,15,37,26,83,13.83,5:1,0,0,0,
663,2015년 08월 15일,0,14561709001,3,5,8,19,38,42,20,115,19.17,3:3,0,0,0,
664,2015년 08월 22일,0,15368013380,10,20,33,36,41,44,5,184,30.67,2:4,0,0,0,
665,2015년 08월 29일,0,14572921500,5,6,11,17,38,44,13,121,20.17,3:3,0,0,0,
666,2015년 09월 05일,0,14381406378,2,4,6,11,17,28,16,68,11.33,2:4,0,0,0,
667,2015년 09월 12일,0,15601350751,15,17,25,37,42,43,13,179,29.83,5:1,0,0,0,
668,2015년 09월 19일,0,14955793125,12,14,15,24,27,32,3,124,20.67,2:4,0,0,0,
669,2015년 09월 26일,0,16249039128,7,8,20,29,33,38,9,135,22.5,3:3,0,0,0,
670,2015년 10월 03일,0,14300702628,11,18,26,27,40,41,25,163,27.17,3:3,0,0,0,
671,2015년 10월 10일,0,14889291376,7,9,10,13,31,35,24,105,17.5,5:1,0,0,0,
672,2015년 10월 17일,0,15792705000,8,21,28,31,36,45,43,169,28.17,3:3,0,0,0,
673,2015년 10월 24일,0,14914533000,7,10,17,29,33,44,5,140,23.33,4:2,0,0,0,
674,2015년 10월 31일,0,14164524000,9,10,14,25,27,31,11,116,19.33,4:2,0,0,0,
675,2015년 11월 07일,0,14058196128,1,8,11,15,18,45,7,98,16.33,4:2,0,0,0,
676,2015년 11월 14일,0,15037812000,1,8,17,34,39,45,27,144,24.0,4:2,0,0,0,
677,2015년 11월 21일,0,15368915256,12,15,24,36,41,44,42,172,28.67,2:4,0,0,0,
678,2015년 11월 28일,0,13730941128,4,5,6,12,25,37,45,89,14.83,3:3,0,0,0,
679,2015년 12월 05일,0,14315028000,3,5,7,14,26,34,35,89,14.83,3:3,0,0,0,
680,2015년 12월 12일,0,15547987882,4,10,19,29,32,42,30,136,22.67,2:4,0,0,0,
681,2015년 12월 19일,0,16177973628,21,24,27,29,43,44,7,188,31.33,4:2,0,0,0,
682,2015년 12월 26일,0,16254854252,17,23,27,35,38,43,2,183,30.5,5:1,0,0,0,
683,2016년 01월 02일,0,16174894128,6,13,20,27,28,40,15,134,22.33,2:4,0,0,0,
684,2016년 01월 09일,0,15199341381,1,11,15,17,25,39,40,108,18.0,6:0,0,0,0,
685,2016년 01월 16일,0,16438044381,6,7,12,28,38,40,18,131,21.83,1:5,0,0,0,
686,2016년 01월 23일,0,15500253752,7,12,15,24,25,43,13,126,21.0,4:2,0,0,0,
687,2016년 01월 30일,0,16320175878,1,8,10,13,28,42,45,102,17.0,2:4,0,0,0,
688,2016년 02월 06일,0,17707830750,5,15,22,23,34,35,2,134,22.33,4:2,0,0,0,
689,2016년 02월 13일,0,16252431377,7,17,19,30,36,38,34,147,24.5,3:3,0,0,0,
690,2016년 02월 20일,0,16897614375,24,25,33,34,38,39,43,193,32.17,3:3,0,0,0,
691,2016년 02월 27일,0,17035780500,15,27,33,35,43,45,16,198,33.0,6:0,0,0,0,
692,2016년 03월 05일,0,16108915879,3,11,14,15,32,36,44,111,18.5,3:3,0,0,0,
693,2016년 03월 12일,0,16427638130,1,6,11,28,34,42,30,122,20.33,2:4,0,0,0,
694,2016년 03월 19일,0,15550363880,7,15,20,25,33,43,12,143,23.83,5:1,0,0,0,
695,2016년 03월 26일,0,15952363130,4,18,26,33,34,38,14,153,25.5,1:5,0,0,0,
696,2016년 04월 02일,0,16320544130,1,7,16,18,34,38,21,114,19.0,2:4,0,0,0,
697,2016년 04월 09일,0,15314430380,2,5,8,11,33,39,31,98,16.33,4:2,0,0,0,
698,2016년 04월 16일,0,15368673000,3,11,13,21,33,37,18,118,19.67,6:0,0,0,0,
699,2016년 04월 23일,0,15963291000,4,5,8,16,21,29,3,83,13.83,3:3,0,0,0,
700,2016년 04월 30일,0,16656793504,11,23,28,29,30,44,13,165,27.5,3:3,0,0,0,
701,2016년 05월 07일,0,15831831750,3,10,14,16,36,38,35,117,19.5,1:5,0,0,0,
702,2016년 05월 14일,0,16116005257,3,13,16,24,26,29,9,111,18.5,3:3,0,0,0,
703,2016년 05월 21일,0,16178920500,10,28,31,33,41,44,21,187,31.17,3:3,0,0,0,
704,2016년 05월 28일,0,15460761376,1,4,8,23,33,42,45,111,18.5,3:3,0,0,0,
705,2016년 06월 04일,0,15948826128,1,6,17,22,28,45,23,119,19.83,3:3,0,0,0,
706,2016년 06월 11일,0,15326984252,3,4,6,10,28,30,37,81,13.5,1:5,0,0,0,
707,2016년 06월 18일,0,15866007756,2,12,19,24,39,44,35,140,23.33,2:4,0,0,0,
708,2016년 06월 25일,0,16398208876,2,10,16,19,34,45,1,126,21.0,2:4,0,0,0,
709,2016년 07월 02일,0,16313802750,10,18,30,36,39,44,32,177,29.5,1:5,0,0,0,
710,2016년 07월 09일,0,14477205750,3,4,9,24,25,33,10,98,16.33,4:2,0,0,0,
711,2016년 07월 16일,0,15941893506,11,15,24,35,37,45,42,167,27.83,5:1,0,0,0,
712,2016년 07월 23일,0,16137940500,17,20,30,31,33,45,19,176,29.33,4:2,0,0,0,
713,2016년 07월 30일,0,15432488253,2,5,15,18,19,23,44,82,13.67,4:2,0,0,0,
714,2016년 08월 06일,0,14595922131,1,7,22,33,37,40,20,140,23.33,4:2,0,0,0,
715,2016년 08월 13일,0,15633062628,2,7,27,33,41,44,10,154,25.67,4:2,0,0,0,
716,2016년 08월 20일,0,16305025884,2,6,13,16,29,30,21,96,16.0,2:4,0,0,0,
717,2016년 08월 27일,0,16214602128,2,11,19,25,28,32,44,117,19.5,3:3,0,0,0,
718,2016년 09월 03일,0,15744829888,4,11,20,23,32,39,40,129,21.5,3:3,0,0,0,
719,2016년 09월 10일,0,16916232006,4,8,13,19,20,43,26,107,17.83,3:3,0,0,0,
720,2016년 09월 17일,0,17272785012,1,12,29,34,36,37,41,149,24.83,3:3,0,0,0,
721,2016년 09월 24일,0,18190138880,1,28,35,41,43,44,31,192,32.0,4:2,0,0,0,
722,2016년 10월 01일,0,17461690876,12,14,21,30,39,43,45,159,26.5,3:3,0,0,0,
723,2016년 10월 08일,0,16914922880,20,30,33,35,36,44,22,198,33.0,2:4,0,0,0,
724,2016년 10월 15일,0,17133477756,2,8,33,35,37,41,14,156,26.0,4:2,0,0,0,
725,2016년 10월 22일,0,17371389750,6,7,19,21,41,43,38,137,22.83,5:1,0,0,0,
726,2016년 10월 29일,0,16336216876,1,11,21,23,34,44,24,134,22.33,4:2,0,0,0,
727,2016년 11월 05일,0,15611508388,7,8,10,19,21,31,20,96,16.0,4:2,0,0,0,
728,2016년 11월 12일,0,16217322000,3,6,10,30,34,37,36,120,20.0,2:4,0,0,0,
729,2016년 11월 19일,0,16793002876,11,17,21,26,36,45,16,156,26.0,4:2,0,0,0,
730,2016년 11월 26일,0,16139056880,4,10,14,15,18,22,39,83,13.83,1:5,0,0,0,
731,2016년 12월 03일,0,16383297378,2,7,13,25,42,45,39,134,22.33,4:2,0,0,0,
732,2016년 12월 10일,0,15422894256,2,4,5,17,27,32,43,87,14.5,3:3,0,0,0,
733,2016년 12월 17일,0,16066900500,11,24,32,33,35,40,13,175,29.17,3:3,0,0,0,
734,2016년 12월 24일,0,17544559500,6,16,37,38,41,45,18,183,30.5,3:3,0,0,0,
735,2016년 12월 31일,0,18472315880,5,10,13,27,37,41,4,133,22.17,5:1,0,0,0,
736,2017년 01월 07일,0,16986811125,2,11,17,18,21,27,6,96,16.0,4:2,0,0,0,
737,2017년 01월 14일,0,17132244000,13,15,18,24,27,41,11,138,23.0,4:2,0,0,0,
738,2017년 01월 21일,0,17976102001,23,27,28,38,42,43,36,201,33.5,3:3,0,0,0,
739,2017년 01월 28일,0,18976489128,7,22,29,33,34,35,30,160,26.67,4:2,0,0,0,
740,2017년 02월 04일,0,16864736256,4,8,9,16,17,19,31,73,12.17,3:3,0,0,0,
741,2017년 02월 11일,0,18261575628,5,21,27,34,44,45,16,176,29.33,4:2,0,0,0,
742,2017년 02월 18일,0,17789037008,8,10,13,36,37,40,6,144,24.0,2:4,0,0,0,
743,2017년 02월 25일,0,18260487000,15,19,21,34,41,44,10,174,29.0,4:2,0,0,0,
744,2017년 03월 04일,0,17331173625,10,15,18,21,34,41,43,139,23.17,3:3,0,0,0,
745,2017년 03월 11일,0,14936459640,1,2,3,9,12,23,10,50,8.33,4:2,0,0,0,
746,2017년 03월 18일,0,18347613381,3,12,33,36,42,45,25,171,28.5,3:3,0,0,0,
747,2017년 03월 25일,0,17128931256,7,9,12,14,23,28,17,93,15.5,3:3,0,0,0,
748,2017년 04월 01일,0,17354218878,3,10,13,22,31,32,29,111,18.5,3:3,0,0,0,
749,2017년 04월 08일,0,17551357135,12,14,24,26,34,45,41,155,25.83,1:5,0,0,0,
750,2017년 04월 15일,0,17654730002,1,2,15,19,24,36,12,97,16.17,3:3,0,0,0,
751,2017년 04월 22일,0,16783744880,3,4,16,20,28,44,17,115,19.17,1:5,0,0,0,
752,2017년 04월 29일,0,16833229506,4,16,20,33,40,43,7,156,26.0,2:4,0,0,0,
753,2017년 05월 06일,0,16266630378,2,17,19,24,37,41,3,140,23.33,4:2,0,0,0,
754,2017년 05월 13일,0,17137710000,2,8,17,24,29,31,32,111,18.5,3:3,0,0,0,
755,2017년 05월 20일,0,17715418128,13,14,26,28,30,36,37,147,24.5,1:5,0,0,0,
756,2017년 05월 27일,0,17072173500,10,14,16,18,27,28,4,113,18.83,1:5,0,0,0,
757,2017년 06월 03일,0,15536637018,6,7,11,17,33,44,1,118,19.67,4:2,0,0,0,
758,2017년 06월 10일,0,16631759632,5,9,12,30,39,43,24,138,23.0,4:2,0,0,0,
759,2017년 06월 17일,0,18196023000,9,33,36,40,42,43,32,203,33.83,3:3,0,0,0,
760,2017년 06월 24일,0,18026395128,10,22,27,31,42,43,12,175,29.17,3:3,0,0,0,
761,2017년 07월 01일,0,16749113626,4,7,11,24,42,45,30,133,22.17,3:3,0,0,0,
762,2017년 07월 08일,0,16314320630,1,3,12,21,26,41,16,104,17.33,4:2,0,0,0,
763,2017년 07월 15일,0,17105040000,3,8,16,32,34,43,10,136,22.67,2:4,0,0,0,
764,2017년 07월 22일,0,17219828255,7,22,24,31,34,36,15,154,25.67,2:4,0,0,0,
765,2017년 07월 29일,0,16638213750,1,3,8,12,42,43,33,109,18.17,3:3,0,0,0,
766,2017년 08월 05일,0,17389098376,9,30,34,35,39,41,21,188,31.33,4:2,0,0,0,
767,2017년 08월 12일,0,17456530875,5,15,20,31,34,42,22,147,24.5,3:3,0,0,0,
768,2017년 08월 19일,0,17726439380,7,27,29,30,38,44,4,175,29.17,3:3,0,0,0,
769,2017년 08월 26일,0,17376840378,5,7,11,16,41,45,4,125,20.83,5:1,0,0,0,
770,2017년 09월 02일,0,17304794632,1,9,12,23,39,43,34,127,21.17,5:1,0,0,0,
771,2017년 09월 09일,0,17450579628,6,10,17,18,21,29,30,101,16.83,3:3,0,0,0,
772,2017년 09월 16일,0,17696088380,5,6,11,14,21,41,32,98,16.33,4:2,0,0,0,
773,2017년 09월 23일,0,17703433880,8,12,19,21,31,35,44,126,21.0,4:2,0,0,0,
774,2017년 09월 30일,0,18806936632,12,15,18,28,34,42,9,149,24.83,1:5,0,0,0,
775,2017년 10월 07일,0,17352188250,11,12,29,33,38,42,17,165,27.5,3:3,0,0,0,
776,2017년 10월 14일,0,17903055751,8,9,18,21,28,40,20,124,20.67,2:4,0,0,0,
777,2017년 10월 21일,0,17502828756,6,12,17,21,34,37,18,127,21.17,3:3,0,0,0,
778,2017년 10월 28일,0,18792208500,6,21,35,36,37,41,11,176,29.33,4:2,0,0,0,
779,2017년 11월 04일,0,16804802256,6,12,19,24,34,41,4,136,22.67,2:4,0,0,0,
780,2017년 11월 11일,0,18342721507,15,17,19,21,27,45,16,144,24.0,6:0,0,0,0,
781,2017년 11월 18일,0,16946023878,11,16,18,19,24,39,43,127,21.17,3:3,0,0,0,
782,2017년 11월 25일,0,17518388625,6,18,31,34,38,45,20,172,28.67,2:4,0,0,0,
783,2017년 12월 02일,0,18415858500,14,15,16,17,38,45,36,145,24.17,3:3,0,0,0,
784,2017년 12월 09일,0,17178102000,3,10,23,24,31,39,22,130,21.67,4:2,0,0,0,
785,2017년 12월 16일,0,17319736128,4,6,15,25,26,33,40,109,18.17,3:3,0,0,0,
786,2017년 12월 23일,0,18205461000,12,15,16,20,24,30,38,117,19.5,1:5,0,0,0,
787,2017년 12월 30일,0,18552649878,5,6,13,16,27,28,9,95,15.83,3:3,0,0,0,
788,2018년 01월 06일,0,18219177002,2,10,11,19,35,39,29,116,19.33,4:2,0,0,0,
789,2018년 01월 13일,0,17114652375,2,6,7,12,19,45,38,91,15.17,3:3,0,0,0,
790,2018년 01월 20일,0,18568260384,3,8,19,27,30,41,12,128,21.33,4:2,0,0,0,
791,2018년 01월 27일,0,17543146502,2,10,12,31,33,42,32,130,21.67,2:4,0,0,0,
792,2018년 02월 03일,0,18590157376,2,7,19,25,29,36,16,118,19.67,4:2,0,0,0,
793,2018년 02월 10일,0,18750733875,10,15,21,35,38,43,31,162,27.0,4:2,0,0,0,
794,2018년 02월 17일,0,18556582128,6,7,18,19,30,38,13,118,19.67,2:4,0,0,0,
795,2018년 02월 24일,0,18864747000,3,10,13,26,34,38,36,124,20.67,2:4,0,0,0,
796,2018년 03월 03일,0,19344432380,1,21,26,36,40,41,5,165,27.5,3:3,0,0,0,
797,2018년 03월 10일,0,19176225000,5,22,31,32,39,45,36,174,29.0,4:2,0,0,0,
798,2018년 03월 17일,0,18975543377,2,10,14,22,32,36,41,116,19.33,0:6,0,0,0,
799,2018년 03월 24일,0,18264272250,12,17,23,34,42,45,33,173,28.83,3:3,0,0,0,
800,2018년 03월 31일,0,17954708255,1,4,10,12,28,45,26,100,16.67,2:4,0,0,0,
801,2018년 04월 07일,0,18054293256,17,25,28,37,43,44,2,194,32.33,4:2,0,0,0,
802,2018년 04월 14일,0,17327167888,10,11,12,18,24,42,27,117,19.5,1:5,0,0,0,
803,2018년 04월 21일,0,18319051125,5,9,14,26,30,43,2,127,21.17,3:3,0,0,0,
804,2018년 04월 28일,0,17951961753,1,10,13,26,32,36,9,118,19.67,2:4,0,0,0,
805,2018년 05월 05일,0,17064247876,3,12,13,18,31,32,42,109,18.17,3:3,0,0,0,
806,2018년 05월 12일,0,18485326125,14,20,23,31,37,38,27,163,27.17,3:3,0,0,0,
807,2018년 05월 19일,0,17063636254,6,10,18,25,34,35,33,128,21.33,2:4,0,0,0,
808,2018년 05월 26일,0,18525723000,15,21,31,32,41,43,24,183,30.5,5:1,0,0,0,
809,2018년 06월 02일,0,17528236500,6,11,15,17,23,40,39,112,18.67,4:2,0,0,0,
810,2018년 06월 09일,0,17852784376,5,10,13,21,39,43,11,131,21.83,5:1,0,0,0,
811,2018년 06월 16일,0,17669037379,8,11,19,21,36,45,25,140,23.33,4:2,0,0,0,
812,2018년 06월 23일,0,17687728500,1,3,12,14,16,43,10,89,14.83,3:3,0,0,0,
813,2018년 06월 30일,0,18367052628,11,30,34,35,42,44,27,196,32.67,2:4,0,0,0,
814,2018년 07월 07일,0,18403152378,2,21,28,38,42,45,30,176,29.33,2:4,0,0,0,
815,2018년 07월 14일,0,18058987506,17,21,25,26,27,36,4,152,25.33,4:2,0,0,0,
816,2018년 07월 21일,0,17024863504,12,18,19,29,31,39,7,148,24.67,4:2,0,0,0,
817,2018년 07월 28일,0,16816296006,3,9,12,13,25,43,34,105,17.5,5:1,0,0,0,
818,2018년 08월 04일,0,17950456134,14,15,25,28,29,30,3,141,23.5,3:3,0,0,0,
819,2018년 08월 11일,0,18161743880,16,25,33,38,40,45,15,197,32.83,3:3,0,0,0,
820,2018년 08월 18일,0,18509254128,10,21,22,30,35,42,6,160,26.67,2:4,0,0,0,
821,2018년 08월 25일,0,18426183384,1,12,13,24,29,44,16,123,20.5,3:3,0,0,0,
822,2018년 09월 01일,0,17792695875,9,18,20,24,27,36,12,134,22.33,2:4,0,0,0,
823,2018년 09월 08일,0,18088595253,12,18,24,26,39,40,15,159,26.5,1:5,0,0,0,
824,2018년 09월 15일,0,18849698250,7,9,24,29,34,38,26,141,23.5,3:3,0,0,0,
825,2018년 09월 22일,0,19904526756,8,15,21,31,33,38,42,146,24.33,4:2,0,0,0,
826,2018년 09월 29일,0,18676728756,13,16,24,25,33,36,42,147,24.5,3:3,0,0,0,
827,2018년 10월 06일,0,18097505625,5,11,12,29,33,44,14,134,22.33,4:2,0,0,0,
828,2018년 10월 13일,0,18917417636,4,7,13,29,31,39,18,123,20.5,5:1,0,0,0,
829,2018년 10월 20일,0,19557205128,4,5,31,35,43,45,29,163,27.17,5:1,0,0,0,
830,2018년 10월 27일,0,18544758750,5,6,16,18,37,38,17,120,20.0,2:4,0,0,0,
831,2018년 11월 03일,0,17771236128,3,10,16,19,31,39,9,118,19.67,4:2,0,0,0,
832,2018년 11월 10일,0,18793841256,13,14,19,26,40,43,30,155,25.83,3:3,0,0,0,
833,2018년 11월 17일,0,18850538256,12,18,30,39,41,42,19,182,30.33,2:4,0,0,0,
834,2018년 11월 24일,0,18597630381,6,8,18,35,42,43,3,152,25.33,2:4,0,0,0,
835,2018년 12월 01일,0,18505216875,9,10,13,28,38,45,35,143,23.83,3:3,0,0,0,
836,2018년 12월 08일,0,17609811380,1,9,11,14,26,28,19,89,14.83,3:3,0,0,0,
837,2018년 12월 15일,0,18866694750,2,25,28,30,33,45,6,163,27.17,3:3,0,0,0,
838,2018년 12월 22일,0,19068665250,9,14,17,33,36,38,20,147,24.5,3:3,0,0,0,
839,2018년 12월 29일,0,17672913752,3,9,11,12,13,19,35,67,11.17,5:1,0,0,0,
840,2019년 01월 05일,0,20429617880,2,4,11,28,29,43,27,117,19.5,3:3,0,0,0,
841,2019년 01월 12일,0,18973627138,5,11,14,30,33,38,24,131,21.83,3:3,0,0,0,
842,2019년 01월 19일,0,20354750250,14,26,32,36,39,42,38,189,31.5,1:5,0,0,0,
843,2019년 01월 26일,0,20064850500,19,21,30,33,34,42,4,179,29.83,3:3,0,0,0,
844,2019년 02월 02일,0,20933343756,7,8,13,15,33,45,18,121,20.17,5:1,0,0,0,
845,2019년 02월 09일,0,20803389002,1,16,29,33,40,45,6,164,27.33,4:2,0,0,0,
846,2019년 02월 16일,0,20759497135,5,18,30,41,43,45,13,182,30.33,4:2,0,0,0,
847,2019년 02월 23일,0,20166773256,12,16,26,28,30,42,22,154,25.67,0:6,0,0,0,
848,2019년 03월 02일,0,21081066006,1,2,16,22,38,39,34,118,19.67,2:4,0,0,0,
849,2019년 03월 09일,0,19690299011,5,13,17,29,34,39,3,137,22.83,5:1,0,0,0,
850,2019년 03월 16일,0,20265527250,16,20,24,28,36,39,5,163,27.17,1:5,0,0,0,
851,2019년 03월 23일,0,19869538504,14,18,22,26,31,44,40,155,25.83,1:5,0,0,0,
852,2019년 03월 30일,0,19206173628,11,17,28,30,33,35,9,154,25.67,4:2,0,0,0,
853,2019년 04월 06일,0,20195047502,2,8,23,26,27,44,13,130,21.67,2:4,0,0,0,
854,2019년 04월 13일,0,20530240500,20,25,31,32,36,43,3,187,31.17,3:3,0,0,0,
855,2019년 04월 20일,0,20425594500,8,15,17,19,43,44,7,146,24.33,4:2,0,0,0,
856,2019년 04월 27일,0,19889637750,10,24,40,41,43,44,17,202,33.67,2:4,0,0,0,
857,2019년 05월 04일,0,19273731375,6,10,16,28,34,38,43,132,22.0,0:6,0,0,0,
858,2019년 05월 11일,0,19821127131,9,13,32,38,39,43,23,174,29.0,4:2,0,0,0,
859,2019년 05월 18일,0,20393202379,8,22,35,38,39,41,24,183,30.5,3:3,0,0,0,
860,2019년 05월 25일,0,18798998250,4,8,18,25,27,32,42,114,19.0,2:4,0,0,0,
861,2019년 06월 01일,0,19488435376,11,17,19,21,22,25,24,115,19.17,5:1,0,0,0,
862,2019년 06월 08일,0,19718304381,10,34,38,40,42,43,32,207,34.5,1:5,0,0,0,
863,2019년 06월 15일,0,19973501254,16,21,28,35,39,43,12,182,30.33,4:2,0,0,0,
864,2019년 06월 22일,0,18882090007,3,7,10,13,25,36,32,94,15.67,4:2,0,0,0,
865,2019년 06월 29일,0,20172478885,3,15,22,32,33,45,2,150,25.0,4:2,0,0,0,
866,2019년 07월 06일,0,20163681000,9,15,29,34,37,39,12,163,27.17,5:1,0,0,0,
867,2019년 07월 13일,0,19668776250,14,17,19,22,24,40,41,136,22.67,2:4,0,0,0,
868,2019년 07월 20일,0,19402825500,12,17,28,41,43,44,25,185,30.83,3:3,0,0,0,
869,2019년 07월 27일,0,19225825880,2,6,20,27,37,39,4,131,21.83,3:3,0,0,0,
870,2019년 08월 03일,0,19288429880,21,25,30,32,40,42,31,190,31.67,2:4,0,0,0,
871,2019년 08월 10일,0,19026499506,2,6,12,26,30,34,38,110,18.33,0:6,0,0,0,
872,2019년 08월 17일,0,20203289264,2,4,30,32,33,43,29,144,24.0,2:4,0,0,0,
873,2019년 08월 24일,0,18745532250,3,5,12,13,33,39,38,105,17.5,5:1,0,0,0,
874,2019년 08월 31일,0,20108230506,1,15,19,23,28,42,32,128,21.33,4:2,0,0,0,
875,2019년 09월 07일,0,19823254136,19,22,30,34,39,44,36,188,31.33,2:4,0,0,0,
876,2019년 09월 14일,0,20722499264,5,16,21,26,34,42,24,144,24.0,2:4,0,0,0,
877,2019년 09월 21일,0,20599286256,5,17,18,22,23,43,12,128,21.33,4:2,0,0,0,
878,2019년 09월 28일,0,19247961000,2,6,11,16,25,31,3,91,15.17,3:3,0,0,0,
879,2019년 10월 05일,0,19238167878,1,4,10,14,15,35,20,79,13.17,3:3,0,0,0,
880,2019년 10월 12일,0,19864673255,7,17,19,23,24,45,38,135,22.5,5:1,0,0,0,
881,2019년 10월 19일,0,20025698256,4,18,20,26,27,32,9,127,21.17,1:5,0,0,0,
882,2019년 10월 26일,0,20636352000,18,34,39,43,44,45,23,223,37.17,3:3,0,0,0,
883,2019년 11월 02일,0,20407792875,9,18,32,33,37,44,22,173,28.83,3:3,0,0,0,
884,2019년 11월 09일,0,21588927384,4,14,23,28,37,45,17,151,25.17,3:3,0,0,0,
885,2019년 11월 16일,0,20069823384,1,3,24,27,39,45,31,139,23.17,5:1,0,0,0,
886,2019년 11월 23일,0,20822506502,19,23,28,37,42,45,2,194,32.33,4:2,0,0,0,
887,2019년 11월 30일,0,20282149504,8,14,17,27,36,45,10,147,24.5,3:3,0,0,0,
888,2019년 12월 07일,0,18962873632,3,7,12,31,34,38,32,125,20.83,3:3,0,0,0,
889,2019년 12월 14일,0,21089869500,3,13,29,38,39,42,26,164,27.33,4:2,0,0,0,
890,2019년 12월 21일,0,21019375503,1,4,14,18,29,37,6,103,17.17,3:3,0,0,0,
891,2019년 12월 28일,0,21578717629,9,13,28,31,39,41,19,161,26.83,5:1,0,0,0,
892,2020년 01월 04일,0,21794296888,4,9,17,18,26,42,36,116,19.33,2:4,0,0,0,
893,2020년 01월 11일,0,21396902625,1,15,17,23,25,41,10,122,20.33,6:0,0,0,0,
894,2020년 01월 18일,0,21401423631,19,32,37,40,41,43,45,212,35.33,4:2,0,0,0,
895,2020년 01월 25일,0,23136950628,16,26,31,38,39,41,23,191,31.83,3:3,0,0,0,
896,2020년 02월 01일,0,21372554252,5,12,25,26,38,45,23,151,25.17,3:3,0,0,0,
897,2020년 02월 08일,0,21058992760,6,7,12,22,26,36,29,109,18.17,1:5,0,0,0,
898,2020년 02월 15일,0,21114505880,18,21,28,35,37,42,17,181,30.17,3:3,0,0,0,
899,2020년 02월 22일,0,20156136378,8,19,20,21,33,39,37,140,23.33,4:2,0,0,0,
900,2020년 02월 29일,0,20099108250,7,13,16,18,35,38,14,127,21.17,3:3,0,0,0,
901,2020년 03월 07일,0,20411772003,5,18,20,23,30,34,21,130,21.67,2:4,0,0,0,
902,2020년 03월 14일,0,21051127877,7,19,23,24,36,39,30,148,24.67,4:2,0,0,0,
903,2020년 03월 21일,0,21899568756,2,15,16,21,22,28,45,104,17.33,2:4,0,0,0,
904,2020년 03월 28일,0,21744622504,2,6,8,26,43,45,11,130,21.67,2:4,0,0,0,
905,2020년 04월 04일,0,21125037752,3,4,16,27,38,40,20,128,21.33,2:4,0,0,0,
906,2020년 04월 11일,0,22253465250,2,5,14,28,31,32,20,112,18.67,2:4,0,0,0,
907,2020년 04월 18일,0,22155413252,21,27,29,38,40,44,37,199,33.17,3:3,0,0,0,
908,2020년 04월 25일,0,22678849128,3,16,21,22,23,44,30,129,21.5,3:3,0,0,0,
909,2020년 05월 02일,0,22231691625,7,24,29,30,34,35,33,159,26.5,3:3,0,0,0,
910,2020년 05월 09일,0,19767643875,1,11,17,27,35,39,31,130,21.67,6:0,0,0,0,
911,2020년 05월 16일,0,21135386250,4,5,12,14,32,42,35,109,18.17,1:5,0,0,0,
912,2020년 05월 23일,0,20909008134,5,8,18,21,22,38,10,112,18.67,2:4,0,0,0,
913,2020년 05월 30일,0,21420089632,6,14,16,21,27,37,40,121,20.17,3:3,0,0,0,
914,2020년 06월 06일,0,21450061127,16,19,24,33,42,44,27,178,29.67,2:4,0,0,0,
915,2020년 06월 13일,0,21111843000,2,6,11,13,22,37,14,91,15.17,3:3,0,0,0,
916,2020년 06월 20일,0,22279227751,6,21,22,32,35,36,17,152,25.33,2:4,0,0,0,
917,2020년 06월 27일,0,21447996380,1,3,23,24,27,43,34,121,20.17,5:1,0,0,0,
918,2020년 07월 04일,0,20117207628,7,11,12,31,33,38,5,132,22.0,4:2,0,0,0,
919,2020년 07월 11일,0,21525752250,9,14,17,18,42,44,35,144,24.0,2:4,0,0,0,
920,2020년 07월 18일,0,21841821379,2,3,26,33,34,43,29,141,23.5,3:3,0,0,0,
921,2020년 07월 25일,0,20953747885,5,7,12,22,28,41,1,115,19.17,3:3,0,0,0,
922,2020년 08월 01일,0,20507427000,2,6,13,17,27,43,36,108,18.0,4:2,0,0,0,
923,2020년 08월 08일,0,21340437000,3,17,18,23,36,41,26,138,23.0,4:2,0,0,0,
924,2020년 08월 15일,0,21441876003,3,11,34,42,43,44,13,177,29.5,3:3,0,0,0,
925,2020년 08월 22일,0,21252966384,13,24,32,34,39,42,4,184,30.67,2:4,0,0,0,
926,2020년 08월 29일,0,20324906630,10,16,18,20,25,31,6,120,20.0,2:4,0,0,0,
927,2020년 09월 05일,0,22285223250,4,15,22,38,41,43,26,163,27.17,3:3,0,0,0,
928,2020년 09월 12일,0,21942139506,3,4,10,20,28,44,30,109,18.17,1:5,0,0,0,
929,2020년 09월 19일,0,20928562512,7,9,12,15,19,23,4,85,14.17,5:1,0,0,0,
930,2020년 09월 26일,0,22659350632,8,21,25,38,39,44,28,175,29.17,3:3,0,0,0,
931,2020년 10월 03일,0,23656864504,14,15,23,25,35,43,32,155,25.83,5:1,0,0,0,
932,2020년 10월 10일,0,23730160881,1,6,15,36,37,38,5,133,22.17,3:3,0,0,0,
933,2020년 10월 17일,0,23422376632,23,27,29,31,36,45,37,191,31.83,5:1,0,0,0,
934,2020년 10월 24일,0,23063091376,1,3,30,33,36,39,12,142,23.67,4:2,0,0,0,
935,2020년 10월 31일,0,22243720512,4,10,20,32,38,44,18,148,24.67,0:6,0,0,0,
936,2020년 11월 07일,0,20888968506,7,11,13,17,18,29,43,95,15.83,5:1,0,0,0,
937,2020년 11월 14일,0,22642629009,2,10,13,22,29,40,26,116,19.33,2:4,0,0,0,
938,2020년 11월 21일,0,22494665630,4,8,10,16,31,36,9,105,17.5,1:5,0,0,0,
939,2020년 11월 28일,0,22208719507,4,11,28,39,42,45,6,169,28.17,3:3,0,0,0,
940,2020년 12월 05일,0,22768568632,3,15,20,22,24,41,11,125,20.83,3:3,0,0,0,
941,2020년 12월 12일,0,21556758752,12,14,25,27,39,40,35,157,26.17,3:3,0,0,0,
942,2020년 12월 19일,0,22570081878,10,12,18,35,42,43,39,160,26.67,2:4,0,0,0,
943,2020년 12월 26일,0,24045315756,1,8,13,36,44,45,39,147,24.5,3:3,0,0,0,
944,2021년 01월 02일,0,25503872628,2,13,16,19,32,33,42,115,19.17,3:3,0,0,0,
945,2021년 01월 09일,0,22952208383,9,10,15,30,33,37,26,134,22.33,4:2,0,0,0,
946,2021년 01월 16일,0,23734218002,9,18,19,30,34,40,20,150,25.0,2:4,0,0,0,
947,2021년 01월 23일,0,22965403500,3,8,17,20,27,35,26,110,18.33,4:2,0,0,0,
948,2021년 01월 30일,0,24074035876,13,18,30,31,38,41,5,171,28.5,3:3,0,0,0,
949,2021년 02월 06일,0,24585697130,14,21,35,36,40,44,30,190,31.67,2:4,0,0,0,
950,2021년 02월 13일,0,26255364000,3,4,15,22,28,40,10,112,18.67,2:4,0,0,0,
951,2021년 02월 20일,0,24465737254,2,12,30,31,39,43,38,157,26.17,3:3,0,0,0,
952,2021년 02월 27일,0,24423298506,4,12,22,24,33,41,38,136,22.67,2:4,0,0,0,
953,2021년 03월 06일,0,22968904126,7,9,22,27,37,42,34,144,24.0,4:2,0,0,0,
954,2021년 03월 13일,0,24787959000,1,9,26,28,30,41,32,135,22.5,3:3,0,0,0,
955,2021년 03월 20일,0,24278042256,4,9,23,26,29,33,8,124,20.67,4:2,0,0,0,
956,2021년 03월 27일,0,22252809381,10,11,20,21,25,41,40,128,21.33,4:2,0,0,0,
957,2021년 04월 03일,0,23392975507,4,15,24,35,36,40,1,154,25.67,2:4,0,0,0,
958,2021년 04월 10일,0,23941795125,2,9,10,16,35,37,1,109,18.17,3:3,0,0,0,
959,2021년 04월 17일,0,24122503128,1,14,15,24,40,41,35,135,22.5,3:3,0,0,0,
960,2021년 04월 24일,0,24011332130,2,18,24,30,32,45,14,151,25.17,1:5,0,0,0,
961,2021년 05월 01일,0,23177080881,11,20,29,31,33,42,43,166,27.67,4:2,0,0,0,
962,2021년 05월 08일,0,23290873128,1,18,28,31,34,43,40,155,25.83,3:3,0,0,0,
963,2021년 05월 15일,0,22147171875,6,12,19,23,34,42,35,136,22.67,2:4,0,0,0,
964,2021년 05월 22일,0,23458610630,6,21,36,38,39,43,30,183,30.5,3:3,0,0,0,
965,2021년 05월 29일,0,23823442503,2,13,25,28,29,36,34,133,22.17,3:3,0,0,0,
966,2021년 06월 05일,0,24113035130,1,21,25,29,34,37,36,147,24.5,5:1,0,0,0,
967,2021년 06월 12일,0,23239104376,1,6,13,37,38,40,9,135,22.5,3:3,0,0,0,
968,2021년 06월 19일,0,21680485879,2,5,12,14,24,39,33,96,16.0,2:4,0,0,0,
969,2021년 06월 26일,0,22988557880,3,9,10,29,40,45,7,136,22.67,4:2,0,0,0,
970,2021년 07월 03일,0,22561616630,9,11,16,21,28,36,5,121,20.17,3:3,0,0,0,
971,2021년 07월 10일,0,22355281500,2,6,17,18,21,26,7,90,15.0,2:4,0,0,0,
972,2021년 07월 17일,0,22497724880,3,6,17,23,37,39,26,125,20.83,5:1,0,0,0,
973,2021년 07월 24일,0,23301942000,22,26,31,37,41,42,24,199,33.17,3:3,0,0,0,
974,2021년 07월 31일,0,22389586891,1,2,11,16,39,44,32,113,18.83,3:3,0,0,0,
975,2021년 08월 07일,0,21963693375,7,8,9,17,22,24,5,87,14.5,3:3,0,0,0,
976,2021년 08월 14일,0,22707070505,4,12,14,25,35,37,2,127,21.17,3:3,0,0,0,
977,2021년 08월 21일,0,23378682754,2,9,10,14,22,44,16,101,16.83,1:5,0,0,0,
978,2021년 08월 28일,0,23733913880,1,7,15,32,34,42,8,131,21.83,3:3,0,0,0,
979,2021년 09월 04일,0,22489607252,7,11,16,21,27,33,24,115,19.17,5:1,0,0,0,
980,2021년 09월 11일,0,23866102505,3,13,16,23,24,35,14,114,19.0,4:2,0,0,0,
981,2021년 09월 18일,0,25907221509,27,36,37,41,43,45,32,229,38.17,5:1,0,0,0,
982,2021년 09월 25일,0,24189045376,5,7,13,20,21,44,33,110,18.33,4:2,0,0,0,
983,2021년 10월 02일,0,25034222250,13,23,26,31,35,43,15,171,28.5,5:1,0,0,0,
984,2021년 10월 09일,0,24171043876,3,10,23,35,36,37,18,144,24.0,4:2,0,0,0,
985,2021년 10월 16일,0,24347529750,17,21,23,30,34,44,19,169,28.17,3:3,0,0,0,
986,2021년 10월 23일,0,23752751250,7,10,16,28,41,42,40,144,24.0,2:4,0,0,0,
987,2021년 10월 30일,0,23787116250,2,4,15,23,29,38,7,111,18.5,3:3,0,0,0,
988,2021년 11월 06일,0,24106404375,2,13,20,30,31,41,27,137,22.83,3:3,0,0,0,
989,2021년 11월 13일,0,23307074252,17,18,21,27,29,33,26,145,24.17,5:1,0,0,0,
990,2021년 11월 20일,0,24361333878,2,4,25,26,36,37,28,130,21.67,2:4,0,0,0,
991,2021년 11월 27일,0,23233328256,13,18,25,31,33,44,38,164,27.33,4:2,0,0,0,
992,2021년 12월 04일,0,23843466756,12,20,26,33,44,45,24,180,30.0,2:4,0,0,0,
993,2021년 12월 11일,0,23947182378,6,14,16,18,24,42,44,120,20.0,0:6,0,0,0,
994,2021년 12월 18일,0,22338984756,1,3,8,24,27,35,28,98,16.33,4:2,0,0,0,
995,2021년 12월 25일,0,24130903125,1,4,13,29,38,39,7,124,20.67,4:2,0,0,0,
996,2022년 01월 01일,0,26841343878,6,11,15,24,32,39,28,127,21.17,3:3,0,0,0,
997,2022년 01월 08일,0,23821241640,4,7,14,16,24,44,20,109,18.17,1:5,0,0,0,
998,2022년 01월 15일,0,24917995884,13,17,18,20,42,45,41,155,25.83,3:3,0,0,0,
999,2022년 01월 22일,0,24212396640,1,3,9,14,18,28,34,73,12.17,3:3,0,0,0,
1000,2022년 01월 29일,0,27430031640,2,8,19,22,32,42,39,125,20.83,1:5,0,0,0,
1001,2022년 02월 05일,0,24927355128,6,10,12,14,20,42,15,104,17.33,0:6,0,0,0,
1002,2022년 02월 12일,0,24707596504,17,25,33,35,38,45,15,193,32.17,5:1,0,0,0,
1003,2022년 02월 19일,0,25355635508,1,4,29,39,43,45,31,161,26.83,5:1,0,0,0,
1004,2022년 02월 26일,0,25762519130,7,15,30,37,39,44,18,172,28.67,4:2,0,0,0,
1005,2022년 03월 05일,0,24734392128,8,13,18,24,27,29,17,119,19.83,3:3,0,0,0,
1006,2022년 03월 12일,0,25700419125,8,11,15,16,17,37,36,104,17.33,4:2,0,0,0,
1007,2022년 03월 19일,0,24469077375,8,11,16,19,21,25,40,100,16.67,4:2,0,0,0,
1008,2022년 03월 26일,0,24941157010,9,11,30,31,41,44,33,166,27.67,4:2,0,0,0,
1009,2022년 04월 02일,0,25536942375,15,23,29,34,40,44,20,185,30.83,3:3,0,0,0,
1010,2022년 04월 09일,0,24955040632,9,12,15,25,34,36,3,131,21.83,3:3,0,0,0,
1011,2022년 04월 16일,0,24423833632,1,9,12,26,35,38,42,121,20.17,3:3,0,0,0,
1012,2022년 04월 23일,0,24205276134,5,11,18,20,35,45,3,134,22.33,4:2,0,0,0,
1013,2022년 04월 30일,0,25237853625,21,22,26,34,36,41,32,180,30.0,2:4,0,0,0,
1014,2022년 05월 07일,0,24104493380,3,11,14,18,26,27,21,99,16.5,3:3,0,0,0,
1015,2022년 05월 14일,0,24408844880,14,23,31,33,37,40,44,178,29.67,4:2,0,0,0,
1016,2022년 05월 21일,0,24867267381,15,26,28,34,41,42,44,186,31.0,2:4,0,0,0,
1017,2022년 05월 28일,0,24623793754,12,18,22,23,30,34,32,139,23.17,1:5,0,0,0,
1018,2022년 06월 04일,0,24723489376,3,19,21,25,37,45,35,150,25.0,6:0,0,0,0,
1019,2022년 06월 11일,0,21928257000,1,4,13,17,34,39,6,108,18.0,4:2,0,0,0,
1020,2022년 06월 18일,0,25563609760,12,27,29,38,41,45,6,192,32.0,4:2,0,0,0,
1021,2022년 06월 25일,0,25307547000,12,15,17,24,29,45,16,142,23.67,4:2,0,0,0,
1022,2022년 07월 02일,0,24332340375,5,6,11,29,42,45,28,138,23.0,4:2,0,0,0,
1023,2022년 07월 09일,0,24711100875,10,14,16,18,29,35,25,122,20.33,2:4,0,0,0,
1024,2022년 07월 16일,0,24162588000,9,18,20,22,38,44,10,151,25.17,1:5,0,0,0,
1025,2022년 07월 23일,0,24475413376,8,9,20,25,29,33,7,124,20.67,4:2,0,0,0,
1026,2022년 07월 30일,0,24286777125,5,12,13,31,32,41,34,134,22.33,4:2,0,0,0,
1027,2022년 08월 06일,0,24605043380,14,16,27,35,39,45,5,176,29.33,4:2,0,0,0,
1028,2022년 08월 13일,0,23624702640,5,7,12,13,18,35,23,90,15.0,4:2,0,0,0,
1029,2022년 08월 20일,0,25278484500,12,30,32,37,39,41,24,191,31.83,3:3,0,0,0,
1030,2022년 08월 27일,0,24251723633,2,5,11,17,24,29,9,88,14.67,4:2,0,0,0,
1031,2022년 09월 03일,0,25711660504,6,7,22,32,35,36,19,138,23.0,2:4,0,0,0,
1032,2022년 09월 10일,0,26752575380,1,6,12,19,36,42,28,116,19.33,2:4,0,0,0,
1033,2022년 09월 17일,0,24874394259,3,11,15,20,35,44,10,128,21.33,4:2,0,0,0,
1034,2022년 09월 24일,0,25819705881,26,31,32,33,38,40,11,200,33.33,2:4,0,0,0,
1035,2022년 10월 01일,0,25849549880,9,14,34,35,41,42,2,175,29.17,3:3,0,0,0,
1036,2022년 10월 08일,0,25535908503,2,5,22,32,34,45,39,140,23.33,2:4,0,0,0,
1037,2022년 10월 15일,0,25628652375,2,14,15,22,27,33,31,113,18.83,3:3,0,0,0,
1038,2022년 10월 22일,0,24411858375,7,16,24,27,37,44,2,155,25.83,3:3,0,0,0,
1039,2022년 10월 29일,0,25360314752,2,3,6,19,36,39,26,105,17.5,3:3,0,0,0,
1040,2022년 11월 05일,0,25623378375,8,16,26,29,31,36,11,146,24.33,2:4,0,0,0,
1041,2022년 11월 12일,0,23377279125,6,7,9,11,17,18,45,68,11.33,4:2,0,0,0,
1042,2022년 11월 19일,0,24813273380,5,14,15,23,34,43,4,134,22.33,4:2,0,0,0,
1043,2022년 11월 26일,0,24966998252,3,5,12,22,26,31,19,99,16.5,3:3,0,0,0,
1044,2022년 12월 03일,0,25095529880,12,17,20,26,28,36,4,139,23.17,1:5,0,0,0,
1045,2022년 12월 10일,0,25870785759,6,14,15,19,21,41,37,116,19.33,4:2,0,0,0,
1046,2022년 12월 17일,0,24136988628,7,16,25,29,35,36,28,148,24.67,4:2,0,0,0,
1047,2022년 12월 24일,0,24739180875,2,20,33,40,42,44,32,181,30.17,1:5,0,0,0,
1048,2022년 12월 31일,0,27412406636,6,12,17,21,32,39,30,127,21.17,3:3,0,0,0,
1049,2023년 01월 07일,0,25917151500,3,5,13,20,21,37,17,99,16.5,5:1,0,0,0,
1050,2023년 01월 14일,0,26096415760,6,12,31,35,38,43,17,165,27.5,3:3,0,0,0,
1051,2023년 01월 21일,0,30052052640,21,26,30,32,33,35,44,177,29.5,3:3,0,0,0,
1052,2023년 01월 28일,0,25758510382,5,17,26,27,35,38,1,148,24.67,4:2,0,0,0,
1053,2023년 02월 04일,0,28632571877,22,26,29,30,34,45,15,186,31.0,2:4,0,0,0,
1054,2023년 02월 11일,0,28331331381,14,19,27,28,30,45,33,163,27.17,3:3,0,0,0,
1055,2023년 02월 18일,0,25990967255,4,7,12,14,22,33,31,92,15.33,2:4,0,0,0,
1056,2023년 02월 25일,0,27575274384,13,20,24,32,36,45,29,170,28.33,2:4,0,0,0,
1057,2023년 03월 04일,0,27473185138,8,13,19,27,40,45,12,152,25.33,4:2,0,0,0,
1058,2023년 03월 11일,0,26754263250,11,23,25,30,32,40,42,161,26.83,3:3,0,0,0,
1059,2023년 03월 18일,0,26431190253,7,10,22,25,34,40,27,138,23.0,2:4,0,0,0,
1060,2023년 03월 25일,0,25150689396,3,10,24,33,38,45,36,153,25.5,3:3,0,0,0,
1061,2023년 04월 01일,0,26650456503,4,24,27,35,37,45,15,172,28.67,4:2,0,0,0,
1062,2023년 04월 08일,0,26613536628,20,31,32,40,41,45,12,209,34.83,3:3,0,0,0,
1063,2023년 04월 15일,0,26392183125,3,6,22,23,24,38,30,116,19.33,2:4,0,0,0,
1064,2023년 04월 22일,0,25615194014,3,6,9,18,22,35,14,93,15.5,3:3,0,0,0,
1065,2023년 04월 29일,0,25936315132,3,18,19,23,32,45,24,140,23.33,4:2,0,0,0,
1066,2023년 05월 06일,0,25064208750,6,11,16,19,21,32,45,105,17.5,3:3,0,0,0,
1067,2023년 05월 13일,0,25754482130,7,10,19,23,28,33,18,120,20.0,4:2,0,0,0,
1068,2023년 05월 20일,0,25914660766,4,7,19,26,33,35,3,124,20.67,4:2,0,0,0,
1069,2023년 05월 27일,0,26085045756,1,10,18,22,28,31,44,110,18.33,2:4,0,0,0,
1070,2023년 06월 03일,0,26027637006,3,6,14,22,30,41,36,116,19.33,2:4,0,0,0,
1071,2023년 06월 10일,0,25919898750,1,2,11,21,30,35,39,100,16.67,4:2,0,0,0,
1072,2023년 06월 17일,0,26100076500,16,18,20,23,32,43,27,152,25.33,2:4,0,0,0,
1073,2023년 06월 24일,0,25797503633,6,18,28,30,32,38,15,152,25.33,0:6,0,0,0,
1074,2023년 07월 01일,0,25617163884,1,6,20,27,28,41,15,123,20.5,3:3,0,0,0,
1075,2023년 07월 08일,0,26067034503,1,23,24,35,44,45,10,172,28.67,4:2,0,0,0,
1076,2023년 07월 15일,0,24054207750,3,7,9,33,36,37,10,125,20.83,5:1,0,0,0,
1077,2023년 07월 22일,0,24996307126,4,8,17,30,40,43,34,142,23.67,2:4,0,0,0,
1078,2023년 07월 29일,0,25699259256,6,10,11,14,36,38,43,115,19.17,1:5,0,0,0,
1079,2023년 08월 05일,0,24410964753,4,8,18,24,37,45,6,136,22.67,2:4,0,0,0,
1080,2023년 08월 12일,0,25476111003,13,16,23,31,36,44,38,163,27.17,3:3,0,0,0,
1081,2023년 08월 19일,0,25782822384,1,9,16,23,24,38,17,111,18.5,3:3,0,0,0,
1082,2023년 08월 26일,0,26043427501,21,26,27,32,34,42,31,182,30.33,2:4,0,0,0,
1083,2023년 09월 02일,0,25696267875,3,7,14,15,22,38,17,99,16.5,3:3,0,0,0,
1084,2023년 09월 09일,0,26081469000,8,12,13,29,33,42,5,137,22.83,3:3,0,0,0,
1085,2023년 09월 16일,0,24685381879,4,7,17,18,38,44,36,128,21.33,2:4,0,0,0,
1086,2023년 09월 23일,0,25770534753,11,16,25,27,35,36,37,150,25.0,4:2,0,0,0,
1087,2023년 09월 30일,0,27716057632,13,14,18,21,34,44,16,144,24.0,2:4,0,0,0,
1088,2023년 10월 07일,0,26781676878,11,21,22,30,39,44,31,167,27.83,3:3,0,0,0,
1089,2023년 10월 14일,0,26806699503,4,18,31,37,42,43,40,175,29.17,3:3,0,0,0,
1090,2023년 10월 21일,0,26251440754,12,19,21,29,40,45,1,166,27.67,4:2,0,0,0,
1091,2023년 10월 28일,0,26086234131,6,20,23,24,28,30,44,131,21.83,1:5,0,0,0,
1092,2023년 11월 04일,0,25332637504,7,18,19,26,33,45,37,148,24.67,4:2,0,0,0,
1093,2023년 11월 11일,0,25571529750,10,17,22,30,35,43,44,157,26.17,3:3,0,0,0,
1094,2023년 11월 18일,0,25354253628,6,7,15,22,26,40,41,116,19.33,2:4,0,0,0,
1095,2023년 11월 25일,0,26178255750,8,14,28,29,34,40,12,153,25.5,1:5,0,0,0,
1096,2023년 12월 02일,0,25393911750,1,12,16,19,23,43,34,114,19.0,4:2,0,0,0,
1097,2023년 12월 09일,0,27050051630,14,33,34,35,37,40,4,193,32.17,3:3,0,0,0,
1098,2023년 12월 16일,0,25096004635,12,16,21,24,41,43,15,157,26.17,3:3,0,0,0,
1099,2023년 12월 23일,0,26639407125,3,20,28,38,40,43,4,172,28.67,2:4,0,0,0,
1100,2023년 12월 30일,0,28698481136,17,26,29,30,31,43,12,176,29.33,4:2,0,0,0,
1101,2024년 01월 06일,0,27306883500,6,7,13,28,36,42,41,132,22.0,2:4,0,0,0,
1102,2024년 01월 13일,0,27671828260,13,14,22,26,37,38,20,150,25.0,2:4,0,0,0,
1103,2024년 01월 20일,0,26765133761,10,12,29,31,40,44,2,166,27.67,2:4,0,0,0,
1104,2024년 01월 27일,0,27257896500,1,7,21,30,35,38,2,132,22.0,4:2,0,0,0,
1105,2024년 02월 03일,0,27522807000,6,16,34,37,39,40,11,172,28.67,2:4,0,0,0,
1106,2024년 02월 10일,0,30695091009,1,3,4,29,42,45,36,124,20.67,4:2,0,0,0,
1107,2024년 02월 17일,0,28358753262,6,14,30,31,40,41,29,162,27.0,2:4,0,0,0,
1108,2024년 02월 24일,0,27411871886,7,19,26,37,39,44,27,172,28.67,4:2,0,0,0,
1109,2024년 03월 02일,0,26933998875,10,12,13,19,33,40,2,127,21.17,3:3,0,0,0,
1110,2024년 03월 09일,0,26358283504,3,7,11,20,22,41,24,104,17.33,4:2,0,0,0,
1111,2024년 03월 16일,0,27434600640,3,13,30,33,43,45,4,167,27.83,5:1,0,0,0,
1112,2024년 03월 23일,0,28044556500,16,20,26,36,42,44,24,184,30.67,0:6,0,0,0,
1113,2024년 03월 30일,0,27823975508,11,13,20,21,32,44,8,141,23.5,3:3,0,0,0,
1114,2024년 04월 06일,0,26924835008,10,16,19,32,33,38,3,148,24.67,2:4,0,0,0,
1115,2024년 04월 13일,0,27087339384,7,12,23,32,34,36,8,144,24.0,2:4,0,0,0,
1116,2024년 04월 20일,0,26950002380,15,16,17,25,30,31,32,134,22.33,4:2,0,0,0,
1117,2024년 04월 27일,0,27255469878,3,4,9,30,33,36,7,115,19.17,3:3,0,0,0,
1118,2024년 05월 04일,0,28071457508,11,13,14,15,16,45,3,114,19.0,4:2,0,0,0,
1119,2024년 05월 11일,0,26524546516,1,9,12,13,20,45,3,100,16.67,4:2,0,0,0,
1120,2024년 05월 18일,0,27743797125,2,19,26,31,38,41,34,157,26.17,3:3,0,0,0,
1121,2024년 05월 25일,0,27769645882,6,24,31,32,38,44,8,175,29.17,1:5,0,0,0,
1122,2024년 06월 01일,0,28118926506,3,6,21,30,34,35,22,129,21.5,3:3,0,0,0,
1123,2024년 06월 08일,0,27700971376,13,19,21,24,34,35,26,146,24.33,4:2,0,0,0,
1124,2024년 06월 15일,0,26233279130,3,8,17,30,33,34,28,125,20.83,3:3,0,0,0,
1125,2024년 06월 22일,0,26343470256,6,14,25,33,40,44,30,162,27.0,2:4,0,0,0,
1126,2024년 06월 29일,0,26250206631,4,5,9,11,37,40,7,106,17.67,4:2,0,0,0,
1127,2024년 07월 06일,0,27214703628,10,15,24,30,31,37,32,147,24.5,3:3,0,0,0,
1128,2024년 07월 13일,0,26455310280,1,5,8,16,28,33,45,91,15.17,3:3,0,0,0,
1129,2024년 07월 20일,0,26065244260,5,10,11,17,28,34,22,105,17.5,3:3,0,0,0,
1130,2024년 07월 27일,0,27159614628,15,19,21,25,27,28,40,135,22.5,5:1,0,0,0,
1131,2024년 08월 03일,0,26220254266,1,2,6,14,27,38,33,88,14.67,2:4,0,0,0,
1132,2024년 08월 10일,0,26454469877,6,7,19,28,34,41,5,135,22.5,3:3,0,0,0,
1133,2024년 08월 17일,0,27366033383,13,14,20,28,29,34,23,138,23.0,2:4,0,0,0,
1134,2024년 08월 24일,0,24579651376,3,7,9,13,19,24,23,75,12.5,5:1,0,0,0,
1135,2024년 08월 31일,0,26583535125,1,6,13,19,21,33,4,93,15.5,5:1,0,0,0,
1136,2024년 09월 07일,0,27773617884,21,33,35,38,42,44,1,213,35.5,3:3,0,0,0,
1137,2024년 09월 14일,0,28328267632,4,9,12,15,33,45,26,118,19.67,4:2,0,0,0,
1138,2024년 09월 21일,0,26637195004,14,16,19,20,29,34,35,132,22.0,2:4,0,0,0,
1139,2024년 09월 28일,0,28177382636,5,12,15,30,37,40,18,139,23.17,3:3,0,0,0,
1140,2024년 10월 05일,0,27357887256,7,10,22,29,31,38,15,137,22.83,3:3,0,0,0,
1141,2024년 10월 12일,0,27035341135,7,11,12,21,26,35,20,112,18.67,4:2,0,0,0,
1142,2024년 10월 19일,0,28057659381,2,8,28,30,37,41,22,146,24.33,2:4,0,0,0,
1143,2024년 10월 26일,0,28002227253,10,16,17,27,28,36,6,134,22.33,2:4,0,0,0,
1144,2024년 11월 02일,0,26808252750,3,4,12,15,26,34,6,94,15.67,2:4,0,0,0,
1145,2024년 11월 09일,0,27464670756,2,11,31,33,37,44,32,158,26.33,4:2,0,0,0,
1146,2024년 11월 16일,0,27791239883,6,11,17,19,40,43,28,136,22.67,4:2,0,0,0,
1147,2024년 11월 23일,0,26587376632,7,11,24,26,27,37,32,132,22.0,4:2,0,0,0,
1148,2024년 11월 30일,0,26953320004,3,6,13,15,16,22,32,75,12.5,3:3,0,0,0,
1149,2024년 12월 07일,0,27427473005,8,15,19,21,32,36,38,131,21.83,3:3,0,0,0,
1150,2024년 12월 14일,0,26700545253,8,9,18,35,39,45,25,154,25.67,4:2,0,0,0,
1151,2024년 12월 21일,0,27548551510,2,3,9,15,27,29,8,85,14.17,5:1,0,0,0,
1152,2024년 12월 28일,0,30602238380,30,31,32,35,36,37,5,201,33.5,3:3,0,0,0,
1153,2025년 01월 04일,0,30409693875,1,9,10,13,35,44,5,112,18.67,4:2,0,0,0,
1154,2025년 01월 11일,0,27824481375,4,8,22,26,32,38,27,130,21.67,0:6,0,0,0,
1155,2025년 01월 18일,0,28464626253,10,16,19,27,37,38,13,147,24.5,3:3,0,0,0,
1156,2025년 01월 25일,0,31609348890,30,31,34,39,41,45,7,220,36.67,4:2,0,0,0,
1157,2025년 02월 01일,0,27094105884,5,7,12,20,25,26,28,95,15.83,3:3,0,0,0,
1158,2025년 02월 08일,0,29281522137,21,25,27,32,37,38,20,180,30.0,4:2,0,0,0,
1159,2025년 02월 15일,0,29551647750,3,9,27,28,38,39,7,144,24.0,4:2,0,0,0,
1160,2025년 02월 22일,0,30112318500,7,13,18,36,39,45,19,158,26.33,4:2,0,0,0,
1161,2025년 03월 01일,0,28682527504,2,12,20,24,34,42,37,134,22.33,0:6,0,0,0,
1162,2025년 03월 08일,0,29661516756,20,21,22,25,28,29,6,145,24.17,3:3,0,0,0,
1163,2025년 03월 15일,0,29053367250,2,13,15,16,33,43,4,122,20.33,4:2,0,0,0,
1164,2025년 03월 22일,0,28510198132,17,18,23,25,38,39,22,160,26.67,4:2,0,0,0,
1165,2025년 03월 29일,0,28502308510,6,7,27,29,38,45,17,152,25.33,4:2,0,0,0,
1166,2025년 04월 05일,0,29012479132,14,23,25,27,29,42,16,160,26.67,4:2,0,0,0,
1167,2025년 04월 12일,0,28840879130,8,23,31,35,39,40,24,176,29.33,4:2,0,0,0,
1168,2025년 04월 19일,0,27776266882,9,21,24,30,33,37,29,154,25.67,4:2,0,0,0,
1169,2025년 04월 26일,0,28527358130,5,12,24,26,39,42,20,148,24.67,2:4,0,0,0,
1170,2025년 05월 03일,0,27731019380,3,13,28,34,38,42,25,158,26.33,2:4,0,0,0,
1171,2025년 05월 10일,0,23695251006,3,6,7,11,12,17,19,56,9.33,4:2,0,0,0,
1172,2025년 05월 17일,0,28639057876,7,9,24,40,42,44,45,166,27.67,2:4,0,0,0,
1173,2025년 05월 24일,0,28318705512,1,5,18,20,30,35,3,109,18.17,3:3,0,0,0,
1174,2025년 05월 31일,0,28659291375,8,11,14,17,36,39,22,125,20.83,3:3,0,0,0,
1175,2025년 06월 07일,0,27680521880,3,4,6,8,32,42,31,95,15.83,1:5,0,0,0,
1176,2025년 06월 14일,0,26678160002,7,9,11,21,30,35,29,113,18.83,5:1,0,0,0,
1177,2025년 06월 21일,0,27460032000,3,7,15,16,19,43,21,103,17.17,5:1,0,0,0,
1178,2025년 06월 28일,0,28699300884,5,6,11,27,43,44,17,136,22.67,4:2,0,0,0,
1179,2025년 07월 05일,0,28116674261,3,16,18,24,40,44,21,145,24.17,1:5,0,0,0,
1180,2025년 07월 12일,0,27891230631,6,12,18,37,40,41,3,154,25.67,2:4,0,0,0,
1181,2025년 07월 19일,0,27091939500,8,10,14,20,33,41,28,126,21.0,2:4,0,0,0,
1182,2025년 07월 26일,0,27622210512,1,13,21,25,28,31,22,119,19.83,5:1,0,0,0,
1183,2025년 08월 02일,0,26961558000,4,15,17,23,27,36,31,122,20.33,4:2,0,0,0,
1184,2025년 08월 09일,0,28659834000,14,16,23,25,31,37,42,146,24.33,4:2,0,0,0,
1185,2025년 08월 16일,0,28664341500,6,17,22,28,29,32,38,134,22.33,2:4,0,0,0,
1186,2025년 08월 23일,0,27799476754,2,8,13,16,23,28,35,90,15.0,2:4,0,0,0,
1187,2025년 08월 30일,0,28813180132,5,13,26,29,37,40,42,150,25.0,4:2,0,0,0,
1188,2025년 09월 06일,0,25791004128,3,4,12,19,22,27,9,87,14.5,3:3,0,0,0,
